	MX.01	YB03	YB08	YB13	YBO4
000622543982e76cb4ddc33f0239ed69	0.0	0.0	4.0	0.0	0.0
00425f9417dbc98fde4d359c95c31113	0.0	0.0	77.0	0.0	0.0
0063eb3e31a443281a989489a8002184	0.0	0.0	45.0	0.0	0.0
0090b6c69e484667f923767fe7babd21	0.0	0.0	0.0	40.0	0.0
00b68bbb88612984f1e9d6e3f25e0847	0.0	8.0	0.0	0.0	0.0
00d4306620fb956f4cb8ea6616da13a3	0.0	0.0	0.0	64.0	0.0
013449bd8b72c87dfe5b463fdded3986	0.0	0.0	0.0	0.0	9.0
014075c28410b91071e1b044c99b7404	0.0	0.0	37.0	0.0	0.0
01b76fbcc7ee121370edadfea1a2efdd	10.0	0.0	0.0	0.0	0.0
01dcceb52c224ff9a7703a7b5e14c286	0.0	0.0	0.0	2.0	0.0
0201c740641121af1b9e75850fe7aed4	0.0	0.0	0.0	29.0	0.0
0202d02690b13876befe4cb198a29777	0.0	0.0	0.0	221.0	161.0
021f9f6d5cea1fb4903d7e3b4db61d33	0.0	0.0	0.0	0.0	15.0
0221e271095c9669c71fa09d6e6c4cab	13.0	0.0	0.0	0.0	0.0
0227d79a0823195e064da1b952a8c734	0.0	0.0	0.0	0.0	26.0
024eb514d5731b8e9577da8282e053ed	0.0	0.0	0.0	3.0	0.0
025fee4de72b1679d24519088c59c475	0.0	0.0	0.0	2.0	0.0
026a0e8610a08acd8521f03169aac361	0.0	6.0	0.0	0.0	0.0
02c22948a2560d874c53574c91165770	0.0	0.0	0.0	0.0	17.0
02d625b122dc8b33d315c44d81ff520d	0.0	0.0	0.0	0.0	2.0
02e3dc35b1e8a4db3779cba89ea7cb1b	0.0	0.0	0.0	0.0	6.0
02e7c54d723882329811afa56eadde3e	0.0	23.0	0.0	0.0	0.0
035b340e4b2f4636d17afc3102eb6387	0.0	156.0	0.0	0.0	0.0
0366e4df5f1a6c3a194977fc521b3db4	0.0	0.0	0.0	0.0	3.0
03673ee7415ceb6aaa6d9770ae8fc5de	0.0	0.0	0.0	11.0	0.0
0371a8abf903353a2ba156555a735f83	0.0	0.0	0.0	0.0	3.0
03e145af0d7e1fdf38575502157fb66e	7.0	0.0	0.0	0.0	0.0
0429a8a999c3238e12bbfaa1714d385e	0.0	0.0	17.0	51.0	340.0
043173c2a7574efe1e69714f95f115b8	0.0	0.0	0.0	156.0	0.0
0438ae27edce785cfd7e94a45de7512f	0.0	0.0	0.0	6.0	0.0
04482ff0e0c6b52589758fb11e43ace6	0.0	379.0	0.0	0.0	0.0
04a7478a8a6db28361a7e0699ddd2239	0.0	0.0	0.0	0.0	13.0
04b6a910b69819cca613d8cd2313db57	194.0	0.0	0.0	0.0	0.0
04bfa26b3209850428c4ae09b1d4f4b8	0.0	383.0	0.0	0.0	264.0
04ecfad5772d2e09a84a0f5ef460536c	0.0	0.0	0.0	12.0	0.0
04f0fb5c4ef44c894dd62fde40f2e494	0.0	3.0	0.0	0.0	0.0
0578d5c17fc45273309ce2066f5fc987	0.0	0.0	0.0	0.0	46.0
0625da7492f18090f7e18f86a8354ba0	0.0	18.0	0.0	0.0	0.0
06694ff1f21c0410d344a0db443315e0	0.0	20.0	0.0	0.0	0.0
066c7e7807723a19cd89b22622189961	0.0	0.0	0.0	14.0	0.0
06837d75c4d74e7c9ca896db77a19020	0.0	18.0	0.0	0.0	0.0
068ead2c6d326d9bd481ef2a9d88751f	0.0	0.0	0.0	0.0	7.0
071a7085adf2c73ffd6ac37326c31891	0.0	31.0	0.0	0.0	0.0
0741b1b015502453af8e874365c056cb	0.0	0.0	2.0	0.0	0.0
0744dcb8bc53538546e6e017c6c7bfe4	0.0	0.0	0.0	9.0	0.0
07577ac2f00edd30d4a945d21a834d49	58.0	0.0	0.0	0.0	0.0
07582136d3ae5619d53c0ece4cd18ce4	0.0	27.0	0.0	0.0	0.0
07b272bad289b3175196afb876ba70e7	0.0	0.0	176.0	0.0	0.0
08077bbcd9e2d12d1fceaff2bf066ddc	0.0	0.0	0.0	64.0	0.0
0835768a53f361d887ca0554791024a5	4.0	0.0	0.0	0.0	0.0
08432ab5af2dfc0916aabc69ce4f4aee	0.0	0.0	0.0	0.0	2.0
0864d05f7ae3aa676d961103efc02039	0.0	168.0	0.0	0.0	0.0
089bd96a6cacd1c5db56200ab6f2db1d	0.0	0.0	201.0	0.0	0.0
08a8b93f39d4180c043a588c8a5361d7	0.0	0.0	81.0	0.0	0.0
08f91b25e9d2f3e6bf364bbc00d68730	0.0	0.0	0.0	0.0	17.0
091b8946ea20aec806f14dfa37f57c49	0.0	9.0	0.0	0.0	0.0
092ddaca44abe1f51778caa99afd4d5e	0.0	0.0	0.0	39.0	0.0
0944c57af89a4d972aeab043076870d6	0.0	0.0	23.0	0.0	0.0
0982bc8c019d018c85d60e25c4293b14	0.0	0.0	0.0	3.0	0.0
09866855f23a9d7c6da930e54a555fb6	0.0	0.0	0.0	0.0	23.0
09c67f6edcb85f03cc1ddedb2c81a892	7.0	0.0	0.0	0.0	0.0
0a043f468eba33f7eeb84507a00490a4	0.0	0.0	1581.0	0.0	0.0
0a56179728d208e9ad5318ccd9a6e2c8	189.0	0.0	0.0	0.0	0.0
0a5a25f4502f341173aba7e91dd1a35a	0.0	1415.0	0.0	0.0	0.0
0a6641eac2d45b0dc598501b82c7c800	0.0	0.0	0.0	19.0	37.0
0a7bc961836c9334d1687247b89f22bd	0.0	0.0	0.0	0.0	19.0
0ae8e4e805fd5306924b527c6d67d2cf	0.0	0.0	0.0	2.0	0.0
0afeeb6fc383f173d3de95f6c1a590df	0.0	0.0	0.0	0.0	23.0
0b38bccc3ce00376ac010454ff515712	0.0	0.0	0.0	115.0	0.0
0b60e65624fab50047f1eb1eb04002d1	0.0	0.0	0.0	0.0	5.0
0b6a9f44cd8f0e167f83b1c4fafeb6f3	0.0	3.0	0.0	0.0	0.0
0bae00d10f1e32e50422078523ecb51f	0.0	0.0	0.0	4.0	0.0
0bdb9a8cc74301c80020c08897e313bd	0.0	0.0	0.0	203.0	30.0
0beb6b50943f1b984dfdf5afdac23f82	0.0	0.0	0.0	0.0	8.0
0bf47b726830ddd868321d73ef590cbe	0.0	9.0	0.0	0.0	0.0
0bfaef9d3248f770fecef5d7d37e91e6	0.0	0.0	0.0	2.0	0.0
0c11815ae72ddfb52974a18b92b00bac	2.0	0.0	0.0	0.0	0.0
0c37afa67047c05f53bf3bf48d7daf33	0.0	0.0	0.0	5.0	0.0
0c43e7d0a3a55331eb1a67ca92da1b85	4.0	0.0	0.0	0.0	0.0
0c646320c24c92ed7f7e680d110fc775	0.0	0.0	0.0	0.0	22.0
0c7814c4fafc825823cb2c5b8a107a55	3.0	0.0	0.0	0.0	0.0
0c914539f91295f9482a9215071e33de	0.0	0.0	0.0	7.0	0.0
0cac35d8218a078e08ed72302f8e5b61	0.0	0.0	0.0	0.0	21.0
0d0829d997d7f1db75042cd88be58d48	0.0	0.0	0.0	54.0	0.0
0d29574bc8a33fba35d7bd2bce0b8d68	0.0	24.0	0.0	0.0	0.0
0d31ecaf5577ed7691892a8b6e437845	0.0	0.0	0.0	18.0	0.0
0d7d1a46937b19ddf6dd45527e2a698c	0.0	0.0	0.0	0.0	13.0
0df27f7d5339652a154f4054b9f0e89c	0.0	0.0	0.0	9.0	0.0
0e16fe91dc7f39e05f581b6eb0c6bcb0	0.0	0.0	0.0	7.0	0.0
0e2e91fba1ca9ed7de2d11ea4786c914	0.0	0.0	0.0	47.0	0.0
0e34ab05a2584ccb540e6e4485f15a35	0.0	0.0	0.0	3.0	0.0
0e373fe8ab1070ea220ac02957a0fbda	0.0	0.0	0.0	31.0	0.0
0e586d41a9935f2fc269051bac89d312	0.0	14.0	0.0	0.0	13.0
0e690d907050e4d97bd29853e420dd5a	0.0	0.0	0.0	100.0	0.0
0ec1b43df23d19c71b4e4cba59affd33	250.0	0.0	0.0	0.0	0.0
0ed7b9d2079cfa84658ed1520fff91eb	0.0	8.0	0.0	0.0	0.0
0ef070cbfeb90efb5d37ce0a1249c3cd	0.0	0.0	0.0	0.0	5.0
0f30be9f37fe4747f600bd0dadfeb543	0.0	0.0	21.0	0.0	0.0
0f394e1d55420afcaa5ece5f90d592ec	0.0	191.0	152.0	0.0	0.0
0f511b202922ba2e688350dfff360ac7	0.0	0.0	0.0	13.0	0.0
0f7fca77799ffb2c5723c6b4753a31f7	0.0	0.0	0.0	24.0	0.0
0f9561b0866a8bdd57696cf5b0986194	0.0	0.0	0.0	3.0	0.0
0f96d8c504dd7454b21cd105336be487	0.0	0.0	0.0	0.0	10.0
0fb442ab15ac6c88616ff8309dc302c2	0.0	5.0	0.0	0.0	8.0
0fb974fec89b4f64ab8182419bd566b2	12.0	0.0	0.0	0.0	0.0
0fccdc64f3b71b55e490e89ad7a415e4	0.0	0.0	0.0	0.0	2.0
0fd9561508ae0ee584b56a20b2a60967	0.0	0.0	0.0	0.0	8.0
0fdc35769b2ba30b50ad58aece701229	0.0	0.0	630.0	3437.0	2091.0
0fead5ef1d4f5226217c7b536ee50d36	0.0	0.0	13.0	0.0	0.0
104f796e3962280c82ede5dde0a4b761	0.0	79.0	0.0	0.0	0.0
10724f34a763c1e753cb4af548c25f14	0.0	0.0	0.0	0.0	4.0
107273e73071282e4d0f4a0b46548da5	0.0	0.0	53.0	0.0	124.0
10780450e1a4212536eed6ba2885a359	0.0	0.0	57.0	0.0	0.0
108a02a815a44421a3da17b82eea8215	573.0	0.0	0.0	0.0	0.0
10afda2baef44de4c584a6641de399b1	0.0	0.0	0.0	417.0	0.0
10c2a0739ea7e119e3824ea2be49621f	0.0	0.0	0.0	131.0	0.0
111e6a4fd5aaee34daf3609f78bafda1	0.0	0.0	0.0	0.0	49.0
112914ce63b60445bedeec6d94b170c1	0.0	0.0	11.0	0.0	0.0
1163de440f4b2818462f878c7245382d	0.0	0.0	0.0	4.0	0.0
1168e11aa4cfaaded20759fc36bb3136	0.0	0.0	0.0	7.0	0.0
117ed6e6a1d2f3f0819c17fda8eaac72	0.0	0.0	0.0	4.0	0.0
11839f3a5cda3fbc17c93ccfc1d5ffc1	0.0	0.0	0.0	179.0	0.0
119015f8a47f0480ec9b063eb1c8b537	0.0	0.0	0.0	18.0	0.0
119229a3a8a19b9b8f3cb2c3dc8b149d	0.0	0.0	0.0	26.0	0.0
11e9d0c7fee99afd80937e4daeb4bb32	0.0	0.0	67.0	0.0	0.0
126da874387a814c694efb41ea0d0ef3	0.0	3824.0	0.0	0.0	0.0
12aa0c5e70cef2ebd3501a07e989221e	0.0	0.0	0.0	0.0	9.0
12ba333122e7499eb63d8df0ad7ea92c	0.0	0.0	0.0	0.0	31.0
12c48d0987df82e4c511afb71cc4557b	0.0	0.0	0.0	20.0	0.0
12c4cf4a9b6a4541ef111f02191bae96	0.0	0.0	63.0	33.0	350.0
12c83a9800dcc598d2a0d767c5373b25	0.0	0.0	0.0	0.0	28.0
1311afbd3fc0def56f4d60f73a2e2832	0.0	0.0	0.0	0.0	67.0
1321f35a20b940ba7b2395b86fed8f19	0.0	66.0	0.0	0.0	0.0
132c23273c82ba22775b2d4be2defc69	0.0	0.0	0.0	0.0	3.0
132e2f13b169806c1bf94409823a85c4	0.0	0.0	9.0	0.0	0.0
132e443d92eee271a54f6e0e56cb885c	0.0	0.0	0.0	5.0	0.0
134d5e0145290007a875664fff20c92a	0.0	0.0	0.0	372.0	0.0
1354aeb3ff9981ae85e1100803d2be8c	0.0	0.0	0.0	15.0	0.0
137657cdbcd130ec4db29289b8addb3b	0.0	17.0	0.0	0.0	0.0
138b7289679ef7ef43704d5849e70f0b	0.0	0.0	9.0	0.0	0.0
139eb9d2d18f3478c5820c93c87c2554	18.0	0.0	0.0	0.0	0.0
13d3b5be4e069a5cd54219a9b7fe18ce	0.0	0.0	4.0	0.0	0.0
13f5ba36b496b2cfe7cb575ecf9d4019	0.0	0.0	0.0	279.0	0.0
14014a6c26ee57f86c4f2b9a2aab3969	0.0	0.0	0.0	0.0	24.0
1440fb78d33026b6ec7d57fc61470cb8	0.0	0.0	0.0	6.0	0.0
14537a8e62d3cffebeafb56c99dd232b	0.0	0.0	0.0	219.0	0.0
1475307a6ee4d984963212eb67d8c644	0.0	0.0	27.0	0.0	0.0
148e5972e3b3164ab9b6343064bce98d	0.0	0.0	11.0	0.0	0.0
14afc94ba4a8236618fc010d83e89fd9	0.0	0.0	51.0	0.0	0.0
14e41772163d0dc2269600f6b131cccd	15.0	0.0	0.0	0.0	0.0
1505dfcdeaa305f71755cba99ddfe70e	2.0	0.0	0.0	0.0	0.0
1589dbb2ceb6e75988ce52e18efa87bc	0.0	0.0	0.0	13.0	0.0
15a4e55590865ca45adaa7634cb2bd3f	0.0	0.0	272.0	0.0	0.0
15c3c5071c5a99054f1641d359493aee	0.0	0.0	0.0	3.0	0.0
160c3e014d739f8572a77a914f5f04a3	0.0	0.0	0.0	24.0	0.0
162701ea9660a18ab677e5ae7b3aaed7	0.0	293.0	0.0	0.0	0.0
1636f774f561ea7dc590a2a30e59808d	0.0	0.0	0.0	3.0	0.0
166557b1c45f3d722fb3e2640fc7a30f	0.0	0.0	4.0	0.0	0.0
16a1f3038a9995a4a03b570bd8d616d0	0.0	0.0	0.0	3.0	0.0
16dcac37624562b57452f41153a7edc5	0.0	0.0	0.0	22.0	0.0
16fd5a8c95403dfc9aad2467a5b71a0a	0.0	2979.0	0.0	0.0	0.0
16ffd840181fc26bd4998e2393895310	0.0	6.0	0.0	0.0	0.0
170d23e88d3e5ac5b2ca97e33bfda259	0.0	0.0	523.0	0.0	23.0
1756f7b7891ef43d46010e5f34aa9239	0.0	0.0	0.0	0.0	12.0
17d1bdcb893bb7bef1bc274e06267093	0.0	0.0	0.0	0.0	2.0
180f215e6d9b398627f110e3ce697307	8.0	0.0	0.0	0.0	0.0
1811ee84ee696ef6cd76a7698cbe544b	0.0	357.0	0.0	0.0	0.0
18681542b350ad6afa1c6acfd3b54186	0.0	0.0	0.0	3.0	0.0
187b3b240f1a3c173667b32cadd7138c	2.0	0.0	0.0	0.0	0.0
18cb835b9b1cb6405f15a6e4a939d9f5	0.0	0.0	0.0	0.0	5.0
18ebc2fa6fa18057f6c238df529e4718	0.0	0.0	0.0	0.0	24.0
19129e44054820b63e84a48768fe886a	0.0	404.0	0.0	0.0	0.0
1990206a10aae9f6ed2e896624706a4d	0.0	0.0	0.0	59.0	0.0
199b47004e629d172bc2a98d67e1ec5d	0.0	170.0	0.0	0.0	0.0
19ae79651163f66e8b3aa904fd7c1a4e	0.0	0.0	0.0	0.0	3.0
19e5ae656e17b935516000748bd6ad60	0.0	10.0	0.0	0.0	0.0
1a5502272d6cd0f363bcedd291407726	0.0	0.0	0.0	0.0	9.0
1acd9d5bb5a302aeb34808af10b767bd	0.0	0.0	0.0	0.0	4.0
1b03d86a9059ed4cc9dd84b659d785dc	0.0	0.0	0.0	272.0	0.0
1b0dcdf50c21871a8e1a96861cf9654c	0.0	8.0	0.0	0.0	0.0
1b21d2b71f96b4a59b392aee9aa1d655	0.0	0.0	11.0	0.0	238.0
1b8d2166fb565248ab417dbec813e5c7	0.0	0.0	0.0	62.0	0.0
1b9290cd00a6e0c8583431454ea9b0c6	0.0	0.0	3.0	41.0	0.0
1b9bf42967c78a2efb74128aef9fec53	0.0	0.0	0.0	62.0	0.0
1b9c5cbbb8351d07e0f0030773a0d941	0.0	0.0	0.0	5.0	0.0
1bcf2584c18fc9a0dd3cdb04b31e6599	0.0	0.0	0.0	0.0	3.0
1bd5128b77ccf6d9c2d6efdab9107a9e	12.0	0.0	0.0	0.0	0.0
1be7135c4ed16d33661c2e955415a2c1	0.0	0.0	67.0	0.0	0.0
1c2849126d167337659fb04d53f9df1f	0.0	0.0	0.0	0.0	12.0
1c2b8892a0d7f828d72808cd01cfd199	0.0	0.0	13.0	0.0	0.0
1c3bae25df9dffaf2d84ed4c96d7c732	0.0	0.0	12.0	0.0	0.0
1c6c59b81009c1faedc959381774b6b0	0.0	0.0	0.0	0.0	4.0
1c73e1dd8862b6fdbc044d6e0d9ecc26	0.0	0.0	0.0	7.0	0.0
1c8686d973de7cad0d439d5f2f4ce31c	7.0	0.0	0.0	0.0	0.0
1cfc660b0ad6c3534530ca2da7394191	0.0	0.0	0.0	35.0	0.0
1d1ba651814e1415fdf4eab3c393b955	0.0	0.0	0.0	91.0	0.0
1d564ea8e5e85107322a9288b82462d1	0.0	0.0	0.0	0.0	28.0
1d6b12d4749293f779b42ff297dfb654	0.0	0.0	0.0	6.0	0.0
1d74574205d11d4ac847aea95af750a3	0.0	0.0	1744.0	0.0	0.0
1da933fa7f26095dbee3ad27f79dff33	0.0	2.0	0.0	0.0	0.0
1dbf908c1409faf4f7d554ab93056699	0.0	0.0	61.0	0.0	0.0
1dd7313832fbe26a70ad430272eff3e7	0.0	0.0	0.0	11.0	0.0
1e0c74b9daf338e99cafeb58656c301e	0.0	8.0	0.0	0.0	24.0
1e1178f3163cc9169597e95ff04f6ec6	0.0	0.0	18.0	0.0	0.0
1e1290398ce6d2cfdf6f4da4990d348c	0.0	0.0	34.0	0.0	7.0
1e31234f3abac84a6cee692d11823046	0.0	0.0	0.0	0.0	12.0
1ea18527146106741c20ba361ba31127	0.0	0.0	0.0	0.0	3.0
1eb19bde875233fa6002d9d890422106	0.0	0.0	0.0	0.0	135.0
1eb80837aa269d16b10081139f885ae9	0.0	0.0	0.0	34.0	0.0
1f177e9bcc9f153f6b186a274be07994	0.0	0.0	288.0	0.0	0.0
1f606f2e819b7f820b8cfc644a66e628	4.0	0.0	0.0	0.0	0.0
1f6b1ee64a692daec4a7a737d987dbc8	0.0	0.0	0.0	0.0	10.0
1f7751814bf09c6824e1e0f677c73bbe	0.0	0.0	0.0	0.0	4.0
1f93038dbf8d35d8acde8e1bca756659	0.0	0.0	0.0	6.0	0.0
1f938352fa0e381e00c6bfd0cdaf7530	0.0	0.0	0.0	0.0	5.0
1fb962f972d38b9afe68532499b68438	0.0	13.0	0.0	0.0	0.0
1fbbb6bfd748297d45713676fe058e0b	0.0	0.0	0.0	7.0	0.0
2028b9c207a5464236d8e9cdd58766ad	0.0	91.0	0.0	0.0	0.0
2036de06e2f222d4e3c1e60f79c2f5f7	0.0	0.0	0.0	10.0	0.0
206223536167506443d78c11abb813b9	0.0	0.0	0.0	3.0	0.0
206fff25df2cb3ae041c0895946abe9a	0.0	5.0	0.0	0.0	0.0
2075bb473427d93b5ce154f445e9358c	0.0	0.0	0.0	0.0	7.0
207e99928b32bb7981a32c96ce53d28b	0.0	0.0	0.0	0.0	4.0
208cf308189f5ce777e13d1c0160049b	3.0	0.0	0.0	0.0	0.0
209227eb4271ddab907379bc0397ea24	0.0	0.0	0.0	0.0	10.0
209bd7476ed1245061d219439db569fc	0.0	2291.0	0.0	0.0	0.0
20a5dbb63897db3c09313b1f6ed41c45	0.0	0.0	0.0	0.0	3.0
20b0cc76baedbfd1731ceec57f560196	0.0	0.0	0.0	0.0	21.0
20b2a1cd685acf58314fb59252a14448	64.0	0.0	0.0	0.0	0.0
20c85b174b0855969061fcbb04ed9c24	37.0	0.0	0.0	0.0	0.0
20cd11faea5e0e867bada9d3db93fd53	0.0	8.0	0.0	0.0	0.0
20ecd87abbe0f00804af8cb5f743e231	0.0	0.0	5.0	0.0	0.0
210cbef96631af7b0ea2e421d8652251	0.0	0.0	0.0	0.0	197.0
211ef459b9731dc0a8d0aa1cb2f1a710	0.0	0.0	0.0	3.0	0.0
21437cb24c6d11d0d358f9867bc21269	0.0	0.0	0.0	3.0	0.0
2164e3c19e67a863433f859a3f9cac71	0.0	13.0	0.0	0.0	0.0
2189d45ff7db64a0a78cfdb34f82a35a	0.0	0.0	0.0	3.0	0.0
21a905ef26def068bc73a3696bc3448a	0.0	0.0	8.0	0.0	33.0
21da7318c905329e63fa46bc9770ab0a	0.0	0.0	0.0	5.0	0.0
21dcec006276de6519bdab842156583d	0.0	3172.0	0.0	0.0	0.0
22072d1740c47530382067f388a79e4f	0.0	0.0	0.0	0.0	10.0
2221e310a5bb15a1a69aa2a72e7c6945	0.0	8.0	0.0	0.0	0.0
2245a8312dbe88d92098e514a472d9c2	0.0	0.0	0.0	6.0	0.0
224830b918d6f6825ec03f6fc48ed0b5	0.0	0.0	0.0	2.0	0.0
22f1fa0bdcc19746dee080bcc12a1840	0.0	0.0	0.0	16.0	0.0
22f873030fb34959aa240efd9d4f7cc4	0.0	0.0	0.0	0.0	31.0
230d940538ee762ce3563880b87e0b53	0.0	0.0	18.0	0.0	0.0
237f673ce28e4568f0f44dbf9754d65c	0.0	0.0	0.0	0.0	4.0
23b01d044f7a7cc81df41728be3c67ab	0.0	0.0	0.0	5.0	0.0
23e1ab384ad98858820a86d332f5c6cc	0.0	0.0	139.0	0.0	0.0
24055c9a3d2b339846662bc114d7f158	0.0	0.0	0.0	0.0	27.0
245b2aa3f0304ce3a64102493b4261a1	25.0	0.0	0.0	0.0	0.0
2461a8cf82261ae32270bfb8a9e60b2e	0.0	0.0	0.0	0.0	11.0
24826245660ff2f4b7722f2663a6cd3f	0.0	0.0	4.0	0.0	0.0
24917fea2e1aad3923f3029e8c6a4d9b	0.0	0.0	0.0	50.0	0.0
24a62ec3e0d5b3e907880aaea5e48656	0.0	0.0	123.0	0.0	0.0
24b7ee29eb1917ec1437cef0dbb54a14	0.0	38.0	0.0	0.0	0.0
24b8b2c7caa072592b4dd5928d7675bb	0.0	0.0	26.0	0.0	0.0
253b5c7343446ba922c24eb608eb2420	0.0	0.0	0.0	0.0	2.0
2556ed8e45e2af904f6f5f366ff8ae39	0.0	0.0	0.0	0.0	30.0
258c2d80fb5c02b59c7e02e33a84448b	0.0	0.0	0.0	38.0	0.0
25d38ce39cdeff0ff66a5c2b33de4f88	0.0	0.0	0.0	0.0	12.0
25fe23e989514e818f4bc1f680ad6da1	7.0	0.0	0.0	0.0	0.0
2628543712abe07aa64a344c58498f12	0.0	0.0	0.0	2.0	0.0
265a38734d126398aa2f4bd0d05228d9	0.0	0.0	3.0	0.0	0.0
265b710095b6ac9ebbf24684d221c17a	0.0	0.0	0.0	28.0	0.0
268695cfcf6100029072af0ece4a54c9	0.0	15.0	0.0	0.0	0.0
268985e3e9c6d9b77a8371ef4b78cb7e	0.0	0.0	311.0	0.0	0.0
269e3d64b7ba9f6a7a4eafa3b75de05d	0.0	0.0	14.0	0.0	0.0
26ad8c8fd499889f1e6646eb26738e0f	0.0	0.0	0.0	39.0	0.0
26c2cf73c1e32cc4afc5e5c9084ab553	0.0	0.0	0.0	14.0	0.0
277830fefe9d1db73ed923f20cf1967e	0.0	1047.0	0.0	0.0	0.0
27a3c88aab86ae039a89bb92bff17805	0.0	0.0	0.0	0.0	55.0
27a73ba56484a57face61d721c2eadaf	0.0	0.0	3087.0	0.0	0.0
27a80710f97f81877442649e53041f5f	0.0	0.0	0.0	53.0	0.0
27a881dc3ed4433a1171fd8266d3bb35	0.0	34.0	0.0	0.0	0.0
27b9edaee6923fa6a8e2045ae9656c34	3.0	0.0	0.0	0.0	0.0
27c6eea0881354fff65ea0ac3f698f90	0.0	225.0	0.0	0.0	0.0
27e8cdbeb5df1a69dd0503cb6b2f0573	0.0	13.0	0.0	0.0	0.0
2808e4ccf096756adad8c11da496e7bf	45.0	0.0	0.0	0.0	0.0
2845da704dbb4f903cb87adc2765732d	0.0	553.0	0.0	0.0	0.0
286f70ef989e1006bfd189f88ef81a11	0.0	0.0	6.0	0.0	0.0
288e9adbcd74d5a741735200812d364c	0.0	0.0	0.0	31.0	0.0
28a9125f818a337510afcff638ebbd3f	0.0	0.0	0.0	0.0	2.0
28b89ea930711b020cecde78b6b9eda5	0.0	0.0	0.0	31.0	0.0
28d8ce3ef5886a4ef375b056b2920b70	0.0	0.0	0.0	4.0	0.0
2922513ed8da239c18fe9075d408f036	0.0	0.0	0.0	0.0	4.0
295dad769045d5c668861bd4a52794e4	0.0	0.0	21.0	0.0	0.0
29c3396b7be2140fa9f58cb8d22a3fa3	18.0	0.0	0.0	0.0	0.0
29dc0f50ad0aa4933609deb3a7a8e5b6	0.0	0.0	0.0	0.0	2.0
2a375c22478f90caa3e80033d696e01f	0.0	0.0	44.0	0.0	0.0
2a3c93f0f89c79fa2bdd4699699c64a7	0.0	0.0	0.0	2.0	0.0
2a4b32ad8978c3aa4036430d0340914e	0.0	0.0	0.0	0.0	9.0
2a4fb8f08aa78d53511475053278279c	0.0	0.0	5.0	0.0	0.0
2a513c0a2436ddffc80e5fa42bbebd2e	0.0	0.0	0.0	6.0	0.0
2a525a44d1ea667fc2c68133818849ee	0.0	0.0	0.0	47.0	26.0
2a6c71798e9c9cb8ac06e758c5f5cfd8	0.0	0.0	0.0	3.0	0.0
2a8f6b2a5afc57e6c82aa3be8bbe1e34	0.0	0.0	0.0	57.0	0.0
2aabea87cdf65df67e656c8eab9f6798	0.0	0.0	14.0	0.0	0.0
2ac7a9a7e341787c72762fd43c705ce3	0.0	0.0	0.0	4.0	0.0
2b27abe2c4af2bd68bcc9787b06eebe8	0.0	0.0	0.0	8.0	0.0
2b463bc33f484db9bfe86507d48cfd89	0.0	0.0	0.0	30.0	0.0
2b9845025fe0bd6ae930be0bfaccd4e7	0.0	3.0	0.0	0.0	0.0
2b9f03e8921e7c07455368de083f3a01	0.0	0.0	0.0	29.0	0.0
2ba2f3c71be39873f8209bb36fbfc13e	0.0	0.0	0.0	5.0	0.0
2bda731b9aad21db9597366698e6b4bb	0.0	0.0	0.0	0.0	4.0
2c06dc901d497ac1512d3786d51877e2	0.0	0.0	7.0	0.0	0.0
2c0ab3ec9111bdd4ad76a7bdc4a51f86	0.0	0.0	0.0	0.0	11.0
2c15c1b7a24956431c048e1793deaf8f	0.0	0.0	0.0	0.0	16.0
2c23040239bccb144727ace5a81fd525	0.0	270.0	0.0	0.0	0.0
2c6ff6e5f401cc0a087b431cb32f5a4c	0.0	0.0	0.0	6.0	0.0
2c7a8941709e7e81782bdfbe5f7c3a03	0.0	0.0	0.0	145.0	0.0
2cba5a531f94e51e1d43b08f10ba3e30	0.0	0.0	0.0	3.0	0.0
2cbc3a7e117b51888b4489fecf9d3da1	0.0	299.0	0.0	0.0	0.0
2cccf9ee3b84c81a52ca248486e8652b	0.0	0.0	3.0	0.0	0.0
2cd00ea627d63b6c55af5d1d65a6cd44	0.0	0.0	0.0	142.0	0.0
2cd465b2e1912842aaa424ae4ac8b62f	0.0	0.0	181.0	0.0	56.0
2cd9144c8bd70dbd89efe0e37c423004	0.0	0.0	3.0	0.0	0.0
2d25432edf521c6b720cfaa78fcdce46	0.0	0.0	0.0	0.0	152.0
2d75fbaf819c96402b31157188c6506b	0.0	4.0	0.0	0.0	0.0
2d8eb9f7560db19fcf2b8b2959bfb86e	0.0	0.0	11.0	0.0	0.0
2d9a9d6012e671d8135cb2df734d9edd	0.0	0.0	0.0	7.0	0.0
2db0e372966d1777c7cbe57cae6829df	0.0	4.0	0.0	0.0	0.0
2dd2542cede95ace24c8c6c78982aa8e	0.0	0.0	0.0	0.0	4.0
2dd7133e81d2f78aedb0022cf7f705db	0.0	0.0	107.0	0.0	0.0
2dee8eb0d8c7d65290e2320f536df1b3	0.0	0.0	0.0	2.0	0.0
2dff373aa2589e602aee88c73fa7a1fa	0.0	0.0	39.0	0.0	0.0
2e16de5e93da9e434e3ecef821365a83	0.0	0.0	0.0	0.0	7.0
2e6221d7416d56919be80d6d7ebc8623	0.0	63.0	0.0	0.0	0.0
2e627b503419e13c0aaa3e8b65efd450	0.0	4.0	0.0	0.0	0.0
2e65cb5ff1a9e55c9e893a28ff0ab460	0.0	0.0	0.0	23.0	0.0
2e9bdd5211b1895f65ba92b025a6d40e	0.0	390.0	0.0	0.0	0.0
2ebe7202180578cd173a69cf05b74c1c	0.0	0.0	0.0	4.0	0.0
2ed82bdd41a8635443b5005be75ddb94	0.0	9.0	0.0	0.0	0.0
2ef29e8cead7ca301261b94fbe249dd2	0.0	21.0	0.0	0.0	0.0
2f3f81bc0c8933a4b0675fb4999c7165	0.0	0.0	0.0	0.0	5.0
2f6850158d4b574006d026f3720c99dc	0.0	0.0	4.0	0.0	0.0
2f6bf58c9f5ab1d3bd9ca1dca7a09e14	0.0	0.0	0.0	0.0	6.0
2f8dfdf58f0bc9cbd7c2718b8f3b9bfa	0.0	47.0	0.0	0.0	5.0
2fad14bc4ac56a50eb5d141ebefc0f84	0.0	0.0	0.0	49.0	0.0
2ffc92a9d19d69b5f1acf623944607a4	0.0	0.0	0.0	0.0	75.0
3021098364c1381636ba2e71f57ba884	0.0	0.0	0.0	0.0	23.0
3030d8bf03ead6c46c4312627fff1941	4.0	0.0	0.0	0.0	0.0
306f21bb203458d7226fed7e73005cb3	17.0	354.0	0.0	42.0	0.0
3074a14b41ccc64de098eede1c010812	0.0	292.0	0.0	0.0	0.0
30a0952b9897a44480baf7c185ff9859	0.0	0.0	99.0	0.0	0.0
30b67c3ff00dd92b430cee3a71d2790b	0.0	0.0	0.0	0.0	3.0
30b826c6eec693544214480f14619efa	0.0	10.0	0.0	0.0	0.0
30c034d56e4e186f4f850ebf56ae86eb	0.0	90.0	0.0	0.0	0.0
30e342e3d24d35dc8a28f88a1e8db767	0.0	0.0	36.0	0.0	0.0
30f7d3df4794bc79030fe7c21e7f1c6b	0.0	14.0	0.0	0.0	0.0
312462f6e0e039fc1886915e60053f38	0.0	0.0	0.0	0.0	34.0
31708fbee7e384998ceb15ec5b1f7d6c	0.0	9.0	0.0	0.0	0.0
31b89aa95438c5b57aee9ab38ccc7ca8	0.0	0.0	0.0	206.0	0.0
31f0a31dd327cb4523791941d9a9c458	0.0	0.0	19.0	0.0	0.0
31f9ad190f8d07afed090409c9475328	0.0	0.0	0.0	0.0	18.0
320190f9ae6df4d81ffabd43c3f0ddf2	0.0	0.0	0.0	34.0	0.0
323f5bdbb0ca3fd44a00bb4364e6c4eb	866.0	0.0	0.0	0.0	0.0
33046016544e21637b655afd452aa69d	0.0	0.0	0.0	0.0	5.0
331c7bdbeec7605a2878d04c6009c038	0.0	0.0	9.0	0.0	0.0
3325be077ee9475376b73406b97b37f9	2.0	0.0	0.0	0.0	0.0
3330eba7bfc007af47e9efdc078be949	0.0	0.0	0.0	3.0	0.0
33621d9da9095f36025da2a6f888e399	0.0	0.0	0.0	12.0	0.0
336d0b0e39508879a7844d07256a9221	0.0	0.0	0.0	0.0	45.0
337138e6013c0e9287cad48f59b3dd9f	0.0	2.0	0.0	0.0	0.0
3384b804ab2e67b0f212555fe41a7820	0.0	0.0	1050.0	0.0	0.0
33905a3e48f9875f23c82d5900d4bb00	0.0	0.0	0.0	0.0	2.0
33a2f1d362023658924553a9493fe872	0.0	0.0	0.0	0.0	30.0
340b0e69f7e38e3cae95739bd685a8da	0.0	0.0	0.0	33.0	53.0
3411910f66db1de56ff781937ed047ab	0.0	0.0	8.0	0.0	0.0
3420654684290875106ab54275a40e5e	0.0	0.0	0.0	218.0	0.0
34284d9bfaa2980174e8cb74e75e3054	0.0	0.0	0.0	5.0	0.0
3441e68c34a5a172a302a0f5428ad9b4	0.0	0.0	0.0	11.0	0.0
344a441b218d5ac8f9400ffabafea55c	0.0	0.0	0.0	4.0	0.0
34883b3340b760466d5d220c71551f93	0.0	0.0	2.0	0.0	0.0
349393875cfc3c3068e813dcc4b673ae	0.0	0.0	0.0	30.0	0.0
349c4d629dc0cd0944609eda21ade7ae	0.0	0.0	0.0	5.0	0.0
34bc0f1e519ac9087ed503f076246737	0.0	21.0	20.0	0.0	0.0
34bf0d238cf6f73c8df79a7d8c4efe9f	0.0	0.0	0.0	0.0	2.0
34c50ea75bc891d564ce1e5c3f9a48db	14.0	0.0	0.0	0.0	0.0
34e11e1c68d00c3634f55d4a08499724	0.0	0.0	0.0	0.0	77.0
34e964cbb9b8ba2433d94b0ec6d9c430	0.0	0.0	62.0	0.0	68.0
35607b1294e73363256533f3b24a1bc6	0.0	0.0	0.0	29.0	0.0
35779889c53ae6feefbd4f04f865cac6	0.0	0.0	3.0	0.0	7.0
3579ce46ebc41bde717b7d2e4035c1c4	0.0	0.0	0.0	83.0	0.0
358283bf52029c9ab40627d3ee210e7f	0.0	19.0	0.0	0.0	0.0
35a069886ec02b33f6ffbf2513bd909c	0.0	65.0	0.0	0.0	0.0
35dcce96d3e63470209883f888a53fef	7.0	0.0	0.0	0.0	12.0
35f34c808b950913c07c2c2aabb660b4	0.0	0.0	0.0	0.0	116.0
361415f522e4c1e777562df222d2309b	0.0	0.0	0.0	0.0	40.0
36204eff82240bac85c7ee67df54cdfe	0.0	43.0	0.0	0.0	0.0
362c015a74a518be0d45a6cf1f8f52d1	0.0	0.0	3.0	0.0	0.0
3695ff61e1ac1ef7486345ee0d337421	0.0	6.0	0.0	0.0	0.0
36aa4c84d84c96c1273ea3854b2793e8	0.0	190.0	0.0	0.0	0.0
36c3269708625d2fe0bedfc88692e12b	0.0	97.0	0.0	0.0	0.0
36dac32dd650c327c9c6d0eda3aaaf92	0.0	0.0	0.0	19.0	0.0
3742e1d065792cfea4068db0a94a90b8	0.0	0.0	0.0	50.0	0.0
378bf05c9b873aa7bb9ebcaef8fb05ab	0.0	3.0	0.0	0.0	0.0
3792bb31bf451010ad77932cb548ef23	0.0	3.0	0.0	0.0	0.0
3795147d552eba7378c7aea796a0dc5c	0.0	0.0	0.0	19.0	0.0
37977ace45767d008a7c498383646193	0.0	0.0	0.0	16.0	0.0
37af0cd665e04db62a85b0c994fb195a	0.0	0.0	0.0	39.0	0.0
37c3320d7f4c274a2a5aaf87dc2cca1a	0.0	0.0	0.0	34.0	0.0
37fbd548fd2a154b4b12283c081883d3	0.0	0.0	10.0	0.0	0.0
3802c78362c4bc0e184f2569637c6cb0	0.0	0.0	0.0	40.0	0.0
38179c2b0400876758cae80925c1baf7	0.0	0.0	13.0	0.0	0.0
387fdcca50f7d5a2b143487c7e46a4b2	0.0	0.0	0.0	3.0	0.0
38bbea8375e03672549eca9c77c3b3e5	0.0	0.0	11.0	0.0	0.0
38c648fbe81276a6a852c617da78c397	0.0	0.0	0.0	4.0	0.0
38d07a63479f9a326eb75883f28c8e9a	0.0	0.0	18.0	0.0	0.0
38daeb1c163c3efe944261ef3614b3dc	0.0	49.0	0.0	3.0	31.0
38e5967baa01c53fb1a44bce1992dc84	0.0	0.0	0.0	0.0	8.0
38f21f9e4df8f9fd840bfd8367bd6369	0.0	0.0	195.0	0.0	0.0
38fc9780daf8938ec343e33b5c637005	0.0	0.0	0.0	4.0	0.0
390844a02bc29380c25f7d24245bd07c	0.0	0.0	17.0	0.0	208.0
3933bde93725c4054f69030b99dd1124	0.0	0.0	0.0	0.0	10.0
398d579c8f0f9b3290e818f35bdcde0d	0.0	0.0	0.0	39.0	0.0
39b643d920ae2ef25dfeb6e9b1137b8d	0.0	21.0	0.0	0.0	0.0
39d064b87d4a4b9bb03c9bd44a52df1d	0.0	3.0	0.0	0.0	0.0
39d2515b845ac9365591b6180243bda3	0.0	0.0	99.0	0.0	0.0
3a2827743d4627d1c08bbbcf9a58a3c5	0.0	6.0	0.0	0.0	0.0
3ab124fc2ded18a881d1bcd9a6bb190e	0.0	0.0	15.0	0.0	0.0
3ab14dccc34d9eb837f3fdf6c9867173	0.0	26.0	0.0	0.0	0.0
3aed08be82f312663d71d9b8bf87aff8	0.0	0.0	0.0	21.0	0.0
3b3ffde2b6e4821a7bf5aa141e0c7ead	0.0	0.0	0.0	0.0	67.0
3b42918eb6b1b182affb931466d2897d	0.0	0.0	6.0	0.0	0.0
3b50e9874fa67e04b49f5a59ecf0059a	0.0	113.0	44.0	33.0	93.0
3b5e5025d3eb814d0abf098474ba41c7	0.0	0.0	0.0	0.0	24.0
3b6fd7be1d9b5827f77b4942a55be2e3	0.0	0.0	0.0	36.0	0.0
3bb0bf5132b0f988573de9bd6059b22c	0.0	0.0	59.0	3083.0	794.0
3c1bc880e7a6cfa277f465c13da5bcbc	0.0	0.0	0.0	155.0	5474.0
3c453e3a3f237ed883131257a9fbb9d8	0.0	9.0	0.0	0.0	0.0
3c74e4615df1a9f176cb67dab3431b33	0.0	0.0	3.0	0.0	0.0
3c9f688ea9c84103cacd3f14f6f4f17b	0.0	0.0	0.0	66.0	0.0
3cefb9df8f5f58f0a6a2a258da0361c4	0.0	0.0	0.0	33.0	0.0
3cfd80b5d82d458c515ab7d6aebf7c17	3.0	0.0	0.0	0.0	0.0
3d020bd7adaf8b74179298778127b711	0.0	0.0	0.0	0.0	22.0
3d0b8cf5317106dbd764da427201e696	0.0	0.0	0.0	0.0	21.0
3d192651572dc295938bcd489d326ad2	0.0	0.0	118.0	89.0	0.0
3d2c63408e49621d9ceff09a69148238	0.0	0.0	0.0	0.0	8.0
3d3ec33c083b5a3a51640df55288ff60	0.0	0.0	0.0	0.0	71.0
3d42b423e00a1ec877f6b0b88cef9bf5	0.0	0.0	0.0	4.0	0.0
3d4d1fbfd1a0358777d1b85af7faaa92	5.0	0.0	0.0	0.0	7.0
3da85c5982ed03f2b5247caf217acca3	0.0	318.0	0.0	0.0	0.0
3db18c611155cd34fca068c244262d6f	0.0	0.0	7.0	0.0	0.0
3dc19f86eec4012ccb4a03f6b39addef	0.0	0.0	0.0	170.0	0.0
3de96c2cc907a04b8dbc243d9877ed56	0.0	0.0	0.0	0.0	39.0
3e004c351cefd34ea78ac0feed7a8fb1	0.0	0.0	0.0	0.0	9.0
3e445aab76ec0f6c40b9979e7d9fb81c	0.0	0.0	3.0	0.0	0.0
3e7c4ab37df8560cbd6f68078333edcb	0.0	0.0	0.0	0.0	156.0
3e884a7e57151a3a236d84ec81bb62ec	52.0	0.0	0.0	0.0	0.0
3e8b02597e287b87e849e8a30ea77853	0.0	5.0	0.0	0.0	0.0
3ebe761bfb1238c87195d431f41bf976	0.0	0.0	0.0	0.0	39.0
3eda4fdc10c5fdfbc34e20ba967edb99	0.0	0.0	0.0	43.0	0.0
3eeb4a6278652363d350b5391ebeb470	0.0	0.0	0.0	116.0	290.0
3ef0cd3c3cdda9ef75e56d5711195f19	0.0	0.0	2.0	0.0	0.0
3f44396f13634fd280d30ebd0954830d	0.0	0.0	0.0	0.0	68.0
3f456a18968cea5c5e549e281f0f5808	0.0	42.0	385.0	0.0	0.0
3f5aa6742575761574bb27d3dbdf045e	0.0	0.0	6.0	0.0	0.0
3f80e41ab916072a1ecea39cc5921ac7	0.0	0.0	0.0	13.0	0.0
3f86170aabf135203c83bfa23b355ee7	0.0	0.0	0.0	22.0	0.0
3f8d2308f8b12bfba064458f541a5267	0.0	2.0	0.0	0.0	0.0
3f8ee1ac89de5eed12587997210b839d	0.0	0.0	54.0	0.0	0.0
3f92b4fe293637d5ec4115674e9d078f	0.0	0.0	0.0	3.0	0.0
3fc0dbe1af956b88ace7884ee338c7e1	0.0	3.0	0.0	0.0	0.0
3fc7e29ff4968b587e37966ec13c9f1f	0.0	0.0	3.0	0.0	0.0
3fd1000d32f36e024d6afdb6117db46c	0.0	0.0	0.0	9.0	0.0
3ff6a50860f2969582365ebb5574d2c7	0.0	0.0	9.0	0.0	0.0
403530833b3c53c0f8fe777c7e942253	0.0	4.0	0.0	0.0	0.0
40535f0aca1e02bad30b0d3656130b74	0.0	0.0	34.0	0.0	0.0
40b718d54fa7a6dc1bc721d788fa2563	0.0	5.0	0.0	0.0	0.0
414e6618e0f078ccaf915f0c129e4704	0.0	0.0	28.0	0.0	0.0
416236d3396a3d7a9b59f1e234f2c453	0.0	0.0	0.0	0.0	13.0
41c493af91fa666a75b46c49d18aee9e	0.0	0.0	2.0	0.0	0.0
41cbd73c209f1004fa9b9a1846b0ebb4	0.0	0.0	0.0	0.0	8.0
41d7a9b250758b38805d44aff22f4da3	0.0	0.0	0.0	10.0	0.0
41e49d82cad5002919bcee9f65fed7e1	0.0	0.0	0.0	0.0	57.0
4220f8e0624bb82d72b2ddca0e6271c5	0.0	0.0	2.0	0.0	0.0
42425678da075c276db28428b88700f3	0.0	0.0	0.0	9.0	0.0
4247e5890c9ea9cf7082a9df80945fb6	0.0	184.0	894.0	0.0	0.0
4248a38a46ec805ab94f0ec911c8ae40	0.0	54.0	0.0	0.0	0.0
4262d2a1b02e718475568b66d7e34971	0.0	2.0	0.0	0.0	0.0
4271a4f272e0efefe18201577499f7e0	3.0	0.0	0.0	0.0	0.0
42fa970abeec541e654362ff6fbab5fb	0.0	0.0	0.0	0.0	6.0
4335297a3c15b84eb798a934cabcbb7f	0.0	0.0	0.0	23.0	0.0
43ac058a40b7f42680519b2450a38ee4	0.0	0.0	0.0	0.0	144.0
43c53a9e3e0f66fc3d4f5888e849f1cf	0.0	0.0	3.0	0.0	0.0
43fced59782a672270af7ca9071f099c	0.0	0.0	0.0	0.0	5.0
4416d269c674010b660db6aa1526954a	0.0	0.0	5.0	0.0	0.0
441804f8f9ffe0cfb9d24f4b2b133f07	0.0	0.0	0.0	6.0	0.0
442964cbea0de004a1a485ddd7f1209e	0.0	0.0	0.0	0.0	17.0
44ad345dae081533236664be56bc7aaa	0.0	0.0	0.0	8.0	0.0
452f6355b28181ce5e7d367cf34bd12c	0.0	0.0	32.0	0.0	0.0
456ee3b2a123d8837f9b15027f94a5fa	33.0	0.0	0.0	0.0	0.0
4582d13b3825564c44fa6e4953946fe0	0.0	0.0	0.0	0.0	105.0
459f0475a0015b9787a54cf06a9991dc	0.0	0.0	19.0	0.0	0.0
45adda50fa4e541a40465ecf3d58b1d5	0.0	115.0	0.0	0.0	0.0
45c1c4c69d9f57aa3a15cc54f3d01f38	0.0	0.0	0.0	0.0	12.0
45c7355f21d28f15831da500b76f76f4	0.0	0.0	0.0	15.0	0.0
45c97e0f5b945b61eed13914ec6cab64	0.0	0.0	0.0	24.0	0.0
45f90abe335fa4ad5fe7ca388e803b28	0.0	95.0	0.0	0.0	0.0
46554ccfa7c5d76670d2b993aeabb437	0.0	0.0	0.0	3.0	0.0
469000a56ed50a5d5108a79f04c74678	0.0	0.0	0.0	34.0	0.0
46a95e2665feb1eccd0f40f27a0a663b	0.0	0.0	4.0	0.0	0.0
46ac67195ae5f50b60a2cf42b0917698	0.0	3.0	0.0	0.0	0.0
46b98c5a7785fc5f7644a757ad57181f	0.0	0.0	0.0	19.0	0.0
46be9828180b1d16d700957690bb6bc9	0.0	0.0	119.0	0.0	0.0
46f32bde52ef913e82737525aad7fecb	39.0	0.0	0.0	0.0	0.0
46f81334df5106dce7d66cbfd41a6684	0.0	0.0	151.0	0.0	0.0
46fa1e054fa119c56c7fa89e77a72af6	0.0	0.0	0.0	3.0	0.0
471405b151165bc3715c03a06a2b63c3	0.0	102.0	0.0	0.0	0.0
4776c2c9a39320fa5de5b1cd93bae13c	0.0	0.0	0.0	22.0	0.0
4778dfc4c5d9aeceeab51859855b8344	0.0	0.0	0.0	76.0	0.0
477b9cd9731594ce2ed487aed5058d0f	0.0	0.0	0.0	6.0	0.0
477bec7decccd6ddc6d4cb57db4a1a43	0.0	0.0	0.0	41.0	27.0
47887b7fe4d03660cc2b608cfc42433d	0.0	0.0	0.0	35.0	0.0
479e3acc98882ed8ba97860e36f9e10d	0.0	0.0	0.0	7.0	0.0
47df8e122dd7af8634d1d97ce78f44f6	0.0	0.0	103.0	89.0	234.0
47e47fbe246f1502bd8142ddb0282ddc	0.0	0.0	20.0	0.0	0.0
480c625af456503014cc13ac4ea5bee3	0.0	0.0	0.0	68.0	0.0
480da21b4b6cb14a64bf7a4e84872dbc	0.0	0.0	0.0	0.0	6.0
4868f68cb08976c69be8ccd94b1df424	0.0	0.0	206.0	0.0	0.0
4887d4179cf1f7e9a8f3e2a4fb1a67e7	0.0	0.0	0.0	13.0	0.0
4887ea875ac3a7d05c736d85178a12a4	0.0	0.0	0.0	66.0	0.0
48a6f7f0fdf72573c61768228df15266	0.0	38.0	0.0	0.0	0.0
48c0dcffe0002e95f929ea1e8e23aad5	0.0	5.0	0.0	0.0	0.0
48e44d7f0b561b30935a67c41c75101d	0.0	0.0	0.0	0.0	10.0
48e712630e7c2c2289d7478ccd8ffab2	5.0	0.0	0.0	0.0	0.0
491942e35a2108420a63da52c00932a7	0.0	0.0	0.0	0.0	15.0
4932b0c11c07c89ab75f7501097f580f	0.0	23.0	0.0	0.0	0.0
494c3f8bf3e9f39680c7f856e1a5a0cb	2.0	0.0	0.0	0.0	0.0
4951d9c5a9b1a0b084e349d4c98c66cd	0.0	0.0	0.0	0.0	3.0
4969bc08c6eaacfc4ffbb8e9048fba53	1743.0	0.0	0.0	0.0	0.0
496c9c01653c1031ae37a7058f5fe349	0.0	0.0	0.0	0.0	2.0
4977ed3b57a1710424ba283fe909df45	0.0	0.0	9.0	0.0	0.0
498d9dc81741a590cb1799e183ce4c0f	0.0	81.0	0.0	0.0	0.0
499c6b4bb186d67493a15b6cc46008a0	0.0	0.0	0.0	5.0	0.0
49d213a8ac783485d8fdf75dd47cdc2c	0.0	0.0	2307.0	0.0	0.0
4a3f7c99cf3a1b5dd996ef4793c83418	0.0	43.0	0.0	0.0	0.0
4a83039edb81de3d21749b14802c4ee7	0.0	0.0	0.0	6.0	0.0
4a8b13f0227de5af2be441f5d0853297	199.0	0.0	0.0	0.0	0.0
4aa7b3e245911ca8f57353d02412e569	0.0	14.0	0.0	0.0	0.0
4aa9b2ad57314e6480ba8c91cb4d95e4	0.0	0.0	0.0	27.0	0.0
4b0bb5e0854407013e699cb2a0965d44	0.0	0.0	0.0	0.0	13.0
4b604296de6ea907599735888858c156	3.0	0.0	0.0	0.0	0.0
4b95d649f2f281c6e49ed7dfd58385fe	0.0	0.0	0.0	959.0	10175.0
4bddae8122a7ed4bc3e3ee58665229ed	0.0	42.0	0.0	0.0	0.0
4be20beb6792fe5f9082706830d2f63c	0.0	512.0	0.0	0.0	0.0
4be485d827577b2c780d0792d6520705	0.0	0.0	0.0	0.0	29.0
4be655a7a0cdd316ab15b3a3180a433f	0.0	0.0	0.0	6.0	0.0
4bf1e53f03426a5e67c882b29fb4056a	0.0	32.0	0.0	0.0	0.0
4bfb627c8b03d00f9b49d2385ee18837	0.0	0.0	0.0	0.0	32.0
4c32d1487823c6e1205ff9d1c6902a14	2.0	0.0	0.0	0.0	0.0
4c3743762a78d0c5b117428e8b2c062a	0.0	0.0	508.0	0.0	0.0
4c3c91a07e2685ea9eef6c712380549c	0.0	658.0	116.0	0.0	0.0
4c4f9366e9542e6cf365f4583d90d8a0	0.0	0.0	0.0	0.0	2.0
4c96d4f0399dd799b03922203b9fc5f1	0.0	0.0	0.0	9.0	0.0
4ce4abef1aa6b6df8234f475ac4aeac1	0.0	0.0	0.0	6.0	0.0
4ce70879fedc1c1c9318902a02f81506	0.0	0.0	8.0	0.0	0.0
4ce8e3ead0fea061577267567b4d7ee5	0.0	0.0	0.0	45.0	0.0
4d16f9d80fc91548575bbd31e1d8e777	0.0	0.0	7.0	0.0	0.0
4d6a36962ad4f6fd6bfa5f746e2a59a9	0.0	207.0	0.0	0.0	0.0
4d879a0de37e381f097efbcd590fb60d	0.0	15.0	0.0	0.0	0.0
4da1ab0190b065b4136bce78f2a475b7	0.0	0.0	0.0	37.0	0.0
4dd39fc00391253948d455ca8773be07	0.0	0.0	0.0	14.0	0.0
4def41265a3019ce120199c893bca3ae	0.0	0.0	0.0	12.0	0.0
4e37a64121b0ffb28511a5e6be046842	10.0	0.0	0.0	0.0	0.0
4e414c7dfc779573c85c9e0f9caba16c	0.0	0.0	0.0	0.0	25.0
4e501c90214f159e55c4a4d84d98ca48	0.0	0.0	0.0	3.0	0.0
4e5ff310075a50266f9d480989d68398	0.0	0.0	0.0	620.0	613.0
4f2161f3355a8958e7dd9094abbadd14	44.0	0.0	0.0	0.0	0.0
4f31e71b2870bcd1974ca270a0a0d4a3	0.0	0.0	11.0	0.0	0.0
4f7e252d086cf997e6327b7fe11c9fb0	0.0	16.0	0.0	0.0	0.0
4f8fff172d8c6264fe1c98ef860de9ea	0.0	0.0	0.0	0.0	6.0
4fa25727bc5870df9f82318a779c0ac0	0.0	2077.0	0.0	0.0	0.0
4fad4496ae9bc50b77c034875ff06fb4	0.0	0.0	0.0	0.0	3.0
5001f5044cf62961092cbe314b9ae90e	0.0	0.0	0.0	3.0	0.0
5080deb165ac0ca6a02600a9e450a28d	0.0	0.0	0.0	6.0	0.0
509476067d8b401e4174253d15ddae89	0.0	0.0	3.0	0.0	0.0
50a4fa12e169f89add341f010248baf9	235.0	0.0	0.0	0.0	0.0
50b11f95fc19578df39518ec022405f2	0.0	168.0	0.0	0.0	0.0
50b54e6b7eea0f5aa5cfdc998ddf4d16	0.0	0.0	0.0	6.0	0.0
50b6ec47e6e585c3e9c6c95dc4a11e35	0.0	6.0	0.0	0.0	0.0
50ce088edbf916bd6b701e271a2e16af	0.0	0.0	0.0	27.0	0.0
50f4159b31d6d808c04c64635f8ee8de	0.0	0.0	0.0	0.0	13.0
511307289f3f2345eb7f18f6e6f52f39	0.0	0.0	0.0	5.0	0.0
5183d97b2862d0ab4cacfd081ab5d0fe	41.0	0.0	56.0	0.0	70.0
51ad6999872a3a147a6583c3984b2ea7	0.0	0.0	0.0	12.0	0.0
51e5847384f4047ff2adb78e18c329d2	0.0	0.0	0.0	1032.0	0.0
51e63007960195cadc8709c7c449e426	0.0	0.0	36.0	0.0	0.0
51fde94a361e2efd4b647057c698dbcf	0.0	0.0	0.0	200.0	0.0
5218e61821d839d37a93e603c796f072	0.0	0.0	0.0	31.0	10.0
522c0abdc3d6688130999e693128f786	0.0	0.0	0.0	32.0	0.0
522f3847599d9a0557648c420c309db2	0.0	5.0	0.0	0.0	0.0
5263d051c84617826275d4253b6fba47	0.0	0.0	0.0	0.0	18.0
52abfae86a69569ae491695349cca6f8	0.0	0.0	0.0	0.0	48.0
52ae93e196bcd1fc57b1947822e7d369	0.0	0.0	0.0	0.0	39.0
52d89ecbe08dc7beb8d82c09d4f9842f	0.0	0.0	0.0	0.0	6.0
52f58862ba1b5fcdfe66b4d4d2dd6852	0.0	0.0	0.0	0.0	82.0
52f5b940e08c59e008b21653c5800ca8	0.0	0.0	0.0	5.0	0.0
53353d0dc7c66cd1e58ed094c399e197	34.0	0.0	0.0	0.0	0.0
535fcac8427e7a36c0da02243ff943a7	0.0	0.0	0.0	0.0	4.0
536fcaf6091abbc5981db22b03c7b618	0.0	0.0	2.0	0.0	0.0
538911ac548d77a02ea5716ae30a1aa4	0.0	0.0	0.0	0.0	2.0
539c14d983fbc5719f58a9670cdc633b	0.0	0.0	313.0	0.0	0.0
53b67a962b070d8187e18e0c982d1bf7	0.0	0.0	2.0	0.0	0.0
5403b9f2242cad934d73cc8213d08adb	0.0	0.0	0.0	0.0	7.0
542b7240280babdf3afc992ef05d15a8	0.0	0.0	142.0	0.0	0.0
543e5040f55885cfb43ea5a9b1be1985	8.0	0.0	0.0	0.0	0.0
5486069a02f707ab273b391950bd4a4b	0.0	2134.0	0.0	0.0	0.0
5491ef0fac090e0ab82941691ff01f93	0.0	0.0	0.0	0.0	6.0
54b4a845a621210fb7c08d01426e6f0c	0.0	0.0	0.0	27.0	0.0
54becef7b499411d1e089ba6e36cd77e	0.0	0.0	0.0	29.0	0.0
54c4655f526b3ad33d4b4c475599d959	0.0	0.0	6.0	0.0	0.0
54de6f1b4efa9c67ab0f60632d00b837	0.0	0.0	0.0	2.0	0.0
5502c2c8ea8912926db3b13a5b3dcdc7	0.0	0.0	100.0	0.0	0.0
55061edec4556fa95b03081404319c9b	3.0	0.0	0.0	0.0	0.0
55231216d4116a21b462d8d6a1511a53	39.0	0.0	130.0	0.0	0.0
5525581217e6a4e3b36f5077f106134a	0.0	11.0	0.0	0.0	0.0
55ac42c91db1182fdfd1c13725e00f73	0.0	20.0	0.0	0.0	0.0
55be35a74288cd51aa081fd67c9c8927	0.0	0.0	0.0	0.0	5.0
55c524d103c990a7bb231836e1e06895	0.0	0.0	14.0	0.0	0.0
55c85a40ca1205f25c14d46631b2b7b9	0.0	0.0	71.0	0.0	0.0
55d9508e499d07e966fe1717bd80c566	0.0	0.0	26.0	0.0	0.0
55f5252fae08e0ed78b5730c06d3ebef	0.0	0.0	0.0	11.0	0.0
560b39631e26df9b53fb50240e545678	0.0	768.0	3007.0	0.0	212.0
560b4e99ea24c4e12d2d01dec6bb3312	7.0	0.0	0.0	0.0	0.0
5640c3a52135104f392ff4a68849235e	0.0	0.0	0.0	0.0	28.0
56437fe1dbfc69e487966f759c692356	0.0	0.0	138.0	0.0	0.0
565d7159729da1f77a8aaf6ef6dddc2e	0.0	0.0	0.0	0.0	90.0
56986126005d325740cfd95ba4169779	0.0	0.0	0.0	7.0	0.0
56a70ff535c0d5252b82b044df2ec2c9	0.0	0.0	3.0	0.0	0.0
56b34f5710a84b350ce9d2cf52b7ac25	0.0	0.0	48.0	0.0	0.0
56d1be83d87f80315294c930954e0239	0.0	0.0	34.0	0.0	0.0
573091d7ddd85f9c5f14a7e53d2ba0bf	73.0	0.0	0.0	253.0	10.0
575971d96362b3e3e4024054dfdeaefb	0.0	145.0	0.0	0.0	0.0
576a177a5157f485a5d93317998ef02d	0.0	0.0	0.0	14.0	0.0
577cf2f8f64a1f443ae3a21a86b9d4f2	0.0	0.0	0.0	0.0	12.0
5785e3e96e73adad103ccb1747c44783	0.0	0.0	0.0	0.0	10.0
578e7f46552388c93712915a3bc5a334	0.0	0.0	0.0	2.0	0.0
57cd001370a1baf0c71d0fb7af16cf6f	0.0	0.0	0.0	6.0	0.0
57df641e97eeb52ba40dc6341700b7f2	0.0	0.0	0.0	3.0	0.0
57e7817795c076824d11249407609273	0.0	0.0	0.0	0.0	3.0
582ba57a9f9229094db220813bd51f4a	0.0	0.0	0.0	0.0	4.0
5847d893ad5873f08e7bca38efb5ced6	0.0	0.0	0.0	0.0	4.0
58554d329007c05862faeff9b6e291bb	4.0	0.0	0.0	0.0	0.0
587fff897736bbf18f32a9d6dc5a03cd	0.0	0.0	0.0	0.0	9.0
58a5e5b275f459faa393c969ec4284c8	0.0	0.0	0.0	0.0	82.0
58c7f7b6444506ed72b688c6219c09fe	0.0	121.0	0.0	0.0	0.0
58d39faf55c04eaef9f368004432877d	0.0	0.0	16.0	0.0	0.0
58dd552f7414315ea4fa8aa481d7f99a	0.0	0.0	0.0	0.0	2.0
58ef6a888ac87da27cf7de885ecfbfed	0.0	0.0	0.0	0.0	365.0
59364744507fc064189cc76039389725	0.0	0.0	35.0	0.0	0.0
597e7bf33d588c52203b0afd5a158709	119.0	0.0	0.0	0.0	0.0
5992d86d52d3a51f29922ef74374f53a	0.0	15.0	0.0	0.0	0.0
5998876effd12779b0ed1fb8ee7342ee	0.0	2.0	0.0	0.0	0.0
59a4a1cac97a77d928e42ceef7282892	0.0	0.0	0.0	16.0	0.0
59b9be7ab73f4f36c1d4306f5863da72	0.0	0.0	0.0	0.0	5.0
59daa439bd613464f2eecdf3f23354e1	0.0	0.0	0.0	0.0	12.0
59e4dbf87a9dcf97ef62d0f009d4785f	0.0	0.0	2.0	0.0	0.0
59e868ed994f35437695c05d25dd23ae	0.0	0.0	0.0	3.0	0.0
5a062e5e763d7847349bbd448ea033ad	0.0	37.0	0.0	0.0	0.0
5ab3f5ddf44e277a3776112126f4ceee	0.0	0.0	0.0	38.0	0.0
5ad4ffad545af8e279101d52bd189173	0.0	0.0	0.0	0.0	15.0
5aee653c45fc6411416ea86eb7b75c7a	0.0	11.0	0.0	0.0	0.0
5b19cf722fab5d75e83bb348db91a6a1	0.0	0.0	0.0	0.0	11.0
5b23343a26480b4dd597ae7290e73b1b	0.0	0.0	0.0	55.0	0.0
5b282619827d0edc7115134e4dc8dbf5	0.0	0.0	0.0	27.0	0.0
5b41b9fd38fd692dc9f9f64fdc7d70bf	0.0	0.0	0.0	0.0	5.0
5b9a650710e7f198e4be4a316a0ddfed	0.0	0.0	0.0	0.0	7.0
5bc9fc389e36b528854445b509439b0f	0.0	0.0	0.0	2.0	0.0
5bcf710c2ff2769c97ac75f023ce80d5	0.0	0.0	142.0	0.0	0.0
5c2a265a787041654fcd1d72543f776b	0.0	0.0	0.0	0.0	3.0
5c5a6cfa764185e93ceb1ef6c149c4cd	9.0	0.0	0.0	0.0	0.0
5c6260c60282752084c8775fc3a5681d	0.0	0.0	0.0	12.0	0.0
5ca8aec5e2ab62c9f353c478eb40af8b	0.0	254.0	0.0	0.0	0.0
5cca50479c37fbf6ee11c360547edb60	0.0	65.0	0.0	0.0	0.0
5cd8e6857ae0c05635d9183558f78ca5	0.0	0.0	1279.0	0.0	540.0
5cdcee7034c76605866511ecfdb4005c	8.0	0.0	0.0	0.0	0.0
5cf586807c2eb3a7bb313f8b8fbe0a53	0.0	4.0	0.0	0.0	0.0
5d534aaf1a72a6259b854399f1e830d6	0.0	0.0	24.0	0.0	0.0
5d55768f6931d60fccbb68660d5e903d	0.0	0.0	97.0	0.0	0.0
5d983bc1cd63d00791a948234599c33c	0.0	61.0	0.0	0.0	0.0
5dca6f89c967ea4d011260ff2c61b9af	0.0	0.0	0.0	18.0	0.0
5e1dd0036a5c62df6902798e61207625	0.0	1982.0	0.0	0.0	0.0
5e6214321a819f6e4fea45e269bbfb20	0.0	13.0	0.0	0.0	0.0
5e6c6be60784acd1dde54f368a8b9a97	0.0	0.0	110.0	0.0	0.0
5efe944c415a722b834eea5600d955ed	0.0	0.0	0.0	3.0	0.0
5f3d62181584767715ea6c6733a04f2a	0.0	0.0	0.0	0.0	9.0
5f55e219a4a8332595e3196f724a14e4	0.0	8.0	134.0	20.0	76.0
5f6a74357b42cd96a2e2e248503b2086	0.0	0.0	0.0	19.0	0.0
5f7fc5fa702fb439997b2308f1645ea0	0.0	0.0	0.0	0.0	30.0
5fa40d9bf423d08050ec159741a1352b	0.0	0.0	0.0	0.0	3.0
5fb3313a99400914d7f150a280ed5a86	0.0	7208.0	0.0	0.0	0.0
60200d99526e46c53a90155cb5042b40	0.0	0.0	0.0	30.0	0.0
608e040f4df2b11a4582e44b32a0ceaf	0.0	0.0	0.0	0.0	4.0
60b16f6433fbafbe204b37d90f30d57c	0.0	81.0	0.0	0.0	0.0
60be511662c5e56ef65820597b6b9e20	7.0	0.0	0.0	0.0	0.0
60e2527e77e51418b27366c7d73e7580	0.0	0.0	118.0	0.0	0.0
60e7d19cdef6ced5eac7baac192565b2	0.0	0.0	0.0	14.0	0.0
613726fe41f91902d0293dacc6aa6b44	0.0	0.0	4.0	0.0	0.0
61c59999244fb9c9d6e710bf7fb32412	44.0	0.0	0.0	0.0	0.0
61d96b86c674ec6276984c9be7a81efc	0.0	0.0	0.0	108.0	67.0
6218dfda4810d48b15e4298dadf6ee61	0.0	0.0	0.0	0.0	26.0
622af19476d13a9d0863f24ae08130cd	2.0	0.0	0.0	0.0	0.0
6247e7eda7147be8596c9268fc50afc2	0.0	12.0	0.0	0.0	0.0
6269c733525ad1c0c330375fa3e45253	1401.0	0.0	0.0	0.0	0.0
628e1518cf87676dd57afdff7840eb13	0.0	0.0	0.0	0.0	14.0
62ed09c410396b0a958661524286f83e	0.0	0.0	0.0	0.0	2.0
632269a29a3abc6476cb3d6a487229d7	0.0	0.0	0.0	7.0	0.0
6329b5da1b5302214068267411402c0b	4.0	0.0	0.0	0.0	0.0
638cab6af7ed88f43a53cfb235a472cb	0.0	8.0	0.0	0.0	0.0
639f8d0c84e86c52fb3157868ea6c3c7	0.0	0.0	0.0	53.0	0.0
63b8a50617b8667be36580daf4ede6e3	0.0	0.0	0.0	0.0	39.0
6401a56e9295beec5cb41d92e446eeae	3.0	0.0	0.0	0.0	0.0
641b2cba7e676f7fa1e7cba0ae5d07e5	0.0	0.0	0.0	0.0	2.0
643659fe92700caa1a7c7cc722ae3766	0.0	0.0	0.0	0.0	3.0
6441f8c9815acf45828c331f3810ac3f	0.0	0.0	0.0	15.0	0.0
6486a43e4d925078f54d9d834da9f6ee	0.0	2.0	0.0	0.0	0.0
64a0466d9c603dbcab840beb0dbe2c9d	0.0	0.0	0.0	0.0	19.0
64a1744a4f013b88e618d64bcaf9a57f	0.0	0.0	0.0	14.0	83.0
64e90a5a4ade1012ca8721040119f501	0.0	0.0	4.0	0.0	0.0
64e94a201dbf7be1cf9e91b01b7bf1cb	0.0	0.0	0.0	0.0	2.0
6517a04af324bd2e30324df3b32b9023	0.0	0.0	0.0	0.0	23.0
65a4344a2698bd16825593decf7d1f59	0.0	0.0	62.0	0.0	0.0
65cd2324fa3496615ed0e8238562f393	0.0	0.0	0.0	654.0	104.0
65d43491988bfe557da4d86a5ba25dae	0.0	0.0	0.0	5.0	0.0
6612b5394b5f30dfad670d5543d079f8	0.0	0.0	21.0	0.0	0.0
661509c1f3c90a1671186fe0cb1389bc	0.0	0.0	0.0	19.0	0.0
662a0207daf70b602504c5ccb4146e6c	0.0	4.0	0.0	0.0	0.0
6661d9914649912498a60a53c8f0fe43	0.0	0.0	0.0	13.0	0.0
66627127210ecf1b9407e4b7520d5b12	0.0	7.0	0.0	0.0	0.0
6699faa973867e23f56b360313a79461	0.0	98.0	0.0	0.0	0.0
66aaecdbc99b357b614b550f12060bcf	0.0	0.0	0.0	0.0	10.0
66aea48c437ecdb4264f889c5f3cb5c9	0.0	0.0	38.0	0.0	0.0
66b6f55bff6cd6fec4f7e8901409f174	0.0	0.0	0.0	389.0	0.0
66bd4e4425bba32112b966d51d685aaa	3.0	0.0	0.0	0.0	0.0
66f0cfaeeb226996506791d9d5ded4cd	0.0	0.0	120.0	0.0	0.0
6721be441904b584b6e72496c5148dd4	0.0	0.0	2.0	0.0	0.0
67612acaea19090c08b6bd9a0d0bfcdf	0.0	0.0	0.0	0.0	4.0
6766ecf1080cb5e34c74db4ff1cd4762	0.0	0.0	4.0	0.0	0.0
6768764c7677f5355ef4845d52ac9d26	0.0	0.0	0.0	0.0	6.0
6780ddaa8948faea48827726ddca866f	0.0	0.0	0.0	15.0	0.0
678b000ce8962cb466e074c52f8b8286	0.0	79.0	0.0	0.0	0.0
67b9602a95866fd01fd627a25f3405e2	0.0	0.0	15.0	0.0	0.0
68cc1c14334c3d28d71d66a14031bf33	0.0	0.0	58.0	0.0	0.0
69054ffd3a3cc44451e93b9787e7a68c	0.0	0.0	192.0	0.0	0.0
6910d170a62f24a07b2e8c33eb82d8bd	0.0	0.0	8.0	0.0	0.0
69179c4a6011d0c9d30036cf18626520	0.0	0.0	0.0	39.0	0.0
6945d94103ada823c2811f2b81c56ba0	0.0	0.0	0.0	82.0	126.0
694e04d4cd50a862d781cb437318dc73	0.0	0.0	0.0	5.0	0.0
6979b84850900948991145a6d42c5524	0.0	0.0	0.0	18.0	0.0
69c8e9c0e29290e25a0ea01f241ac005	0.0	0.0	0.0	0.0	47.0
69ed6dc45aa500346aeaf02c2dfef359	0.0	0.0	0.0	0.0	12.0
69fd80da10c38f2dc3e5d1a081ad1973	0.0	0.0	0.0	0.0	14.0
6a02c4dc87b47fcee5f9f17450f97a5e	0.0	0.0	0.0	430.0	39.0
6a26c3f852bff5919ada8eba28c2f2b2	0.0	41.0	0.0	0.0	0.0
6a3b53d1df1fb78f0ef082954d629ed1	0.0	0.0	0.0	0.0	5.0
6a5337d8a1af072d8f2b674565d5e979	0.0	14.0	0.0	0.0	0.0
6a8d656686c44f5606039cf2601f2bca	0.0	0.0	0.0	0.0	6.0
6aae32e706ccff7255e38cef2548d0c1	0.0	0.0	0.0	6.0	0.0
6aba2b4090254c8d87c32fa7b31a1caa	0.0	3.0	0.0	0.0	0.0
6ac3951c0c1be73ab710418b89e06f7b	4.0	0.0	0.0	0.0	0.0
6ae07253b242fc99d2039b3ae7167e35	0.0	0.0	0.0	0.0	6.0
6b3e01c1d5171bc9e7e2ca53367d1ba7	0.0	0.0	0.0	28.0	0.0
6b47db14d35038f6409e51a45f7fe097	0.0	0.0	0.0	4.0	0.0
6b51ee975ed381da8619644bbc778b43	1146.0	0.0	157.0	0.0	0.0
6b5ecf30dd7f5acc2ca60e4bbebae5f6	0.0	3.0	0.0	0.0	0.0
6b8bb755b269aa7326529b6bef122066	0.0	0.0	201.0	0.0	0.0
6b94959874b693c3304e68c57cefd287	0.0	0.0	67.0	0.0	249.0
6bb336b65a00dda3e35946ef5a22a106	0.0	0.0	23.0	0.0	25.0
6be36da52f32f2923f241b78986def92	273.0	0.0	0.0	0.0	0.0
6c97e8ef8111a95d1a19517807aeef52	0.0	0.0	0.0	0.0	34.0
6cd7810037bda3b1a072fbb5cba3033f	20.0	0.0	0.0	0.0	0.0
6ce7231a5f6bda6ad5d9ad4ec5a2e828	0.0	0.0	0.0	3.0	0.0
6d162ca78d7c6999812546a85687132f	0.0	3.0	0.0	0.0	0.0
6d184c9a4cab744b48ef2066ee8ca342	0.0	0.0	0.0	4.0	0.0
6d83873442dde140c4c63cd08c81c125	0.0	0.0	31.0	0.0	0.0
6da72cbe868f55b109befcc97cb03c28	0.0	3.0	0.0	0.0	0.0
6dbfe502681b806b01c069ef606ac1ec	0.0	0.0	8.0	0.0	0.0
6dda5702f6019467ba0b4469da176239	0.0	4.0	0.0	0.0	0.0
6e0f9d60b3729c86b31a72bc587db1e7	43.0	0.0	0.0	0.0	0.0
6e2fd2b1d60de5b2cba84579a32caf20	0.0	0.0	2.0	0.0	0.0
6e3685c1a2761ad777020b41539a2c13	103.0	0.0	0.0	0.0	0.0
6e5b02903c771fe5e7226a8468654763	0.0	0.0	16.0	0.0	0.0
6eb448125f2c23d8ba86571df98c3859	11.0	0.0	0.0	0.0	0.0
6ed753868b1a1c345608640f9a0a912b	0.0	0.0	0.0	0.0	7.0
6ee27076612e022cd940a68a3e419fa5	0.0	0.0	0.0	0.0	2.0
6eeb2ba800296014adea8d36305df927	0.0	0.0	163.0	0.0	0.0
6ef717a527e19339d8855808f4cf4e24	75.0	0.0	0.0	0.0	0.0
6ef7376ae9f579f385eab7e71e4d2e91	0.0	0.0	0.0	10.0	8.0
6f013fc3e3163bcf9c4940ea6031e383	0.0	0.0	0.0	31.0	0.0
6f388ebb57551fc6eb0a7f852d380f49	10.0	0.0	0.0	0.0	0.0
6f3f68e5c8e2a11b388ddbbea9fa182d	0.0	0.0	28.0	0.0	22.0
6f7d5751680bd811998251b57fd37838	0.0	0.0	0.0	6.0	0.0
6f89ad6129ff838c70c3d9fd785e7a10	0.0	0.0	0.0	0.0	4.0
6fa4f81c0229131108f74c436996ab1a	32.0	0.0	0.0	0.0	0.0
6fb6343e4f2b3200979b3d73dbcc6970	26.0	0.0	0.0	0.0	0.0
6fb9ea7e188dffb2bd71f004b7ef452d	0.0	0.0	0.0	0.0	7.0
6fc3f27141d6fd11044f04c0a367d1a9	0.0	0.0	4.0	0.0	0.0
70074e1e85973d57281f7f011c5366ad	0.0	0.0	8.0	0.0	0.0
7019d90db279247df516a0bf6a7f16de	0.0	0.0	0.0	14.0	0.0
703e118f129eef9ed9b961d03d263ac3	0.0	0.0	0.0	0.0	10.0
704aafe47609576c9198226cf1ac5e33	0.0	0.0	2.0	0.0	0.0
7066eac321ccfab52796f918d81a6eb6	0.0	0.0	2.0	0.0	0.0
710cf5042de1861b948d6e7df42df5d8	0.0	0.0	48.0	0.0	0.0
7135faf5e37b01eed00b9536c152d39d	0.0	15.0	0.0	0.0	0.0
713d648f6fccb1b54d74c009964e98cf	0.0	0.0	0.0	42.0	0.0
715a274be5b72d7a5a066b2740c11c4b	8.0	0.0	0.0	0.0	0.0
7206154d00b3139cf2455de221200f44	0.0	0.0	237.0	0.0	0.0
721ba0afcea7a26e50d2450f784a2808	0.0	0.0	22.0	0.0	0.0
7257dc593c7cde4df11cf3b18bf10bbd	15.0	0.0	0.0	0.0	0.0
72aa8ae00fe149641552791d3fdced2d	0.0	0.0	0.0	3.0	0.0
731dbae42fdcc2da48eb6c67812ab0d7	0.0	0.0	7.0	0.0	0.0
732a31c4ca9367931d0a696f57bfbdf0	0.0	0.0	4.0	0.0	0.0
732b42c9cd40af9bb023a42bc42345eb	0.0	0.0	17.0	0.0	0.0
73631375411059dad22b2da01a10ec11	0.0	51.0	0.0	276.0	0.0
737a420b7df31e35e30f18b8d0b345b9	0.0	0.0	0.0	11.0	0.0
73a0e73d4153119dbb0d90fbe570b02b	0.0	0.0	4.0	0.0	0.0
73eb9f86baa6ad697577946763bbc5d8	0.0	3.0	0.0	0.0	0.0
73ff0a30a35907b93f8e4e13e4874bf0	0.0	0.0	0.0	11.0	0.0
74104840d51c3c1eda02b3e0b1487346	0.0	0.0	0.0	25.0	0.0
7440de30b2068eeeb916d98e1e2cde72	0.0	0.0	0.0	8.0	0.0
744c9664a0911ce13f16bfb62fd33627	0.0	0.0	12.0	0.0	0.0
7454f0470ec1a8dddc173dbf44ecb1bd	0.0	0.0	0.0	0.0	10.0
745ecb83d2c2b5763b37e877b55e3a97	0.0	0.0	0.0	7.0	0.0
748ce5252d8ad7c98498d12282aeeef9	0.0	0.0	3.0	0.0	0.0
74a54cb126d21ada4bc2a36b2efed4a5	7.0	0.0	0.0	0.0	0.0
74aaf8d2b16f98e2e47773401914a22c	0.0	0.0	0.0	32.0	0.0
74e31adfbdbeb830bfba4a9b27b5b6f0	0.0	0.0	0.0	5.0	0.0
750dab93d926d40d7cd439faa6640f33	0.0	0.0	0.0	0.0	18.0
752647be38f0327281e6243a16a96527	0.0	0.0	0.0	0.0	6.0
7530becc1106e62cc1965aa6e119ce8a	0.0	0.0	5.0	0.0	0.0
75523379e3d8d7de92768b9b670b7b56	0.0	0.0	0.0	0.0	4.0
758bc461562164e73588c61905a8a826	0.0	0.0	0.0	0.0	17.0
75d06dfe64e4842cde2612856c220476	0.0	15.0	0.0	0.0	0.0
765dffe2af6a04fad7cd1765c6449f81	0.0	0.0	0.0	242.0	41.0
7671556b41f049800ef3b1649e007396	0.0	4.0	0.0	0.0	0.0
767892a985d10cec79f73f6554584363	2.0	0.0	0.0	0.0	0.0
768ed367ebfa1aa149a9d6f157d6ff2c	0.0	0.0	0.0	0.0	31.0
76a12bde0263c31c5275292cb5b1d6f2	0.0	0.0	0.0	0.0	13.0
775f1d8c68e9a6a5d6bc358e4e0f33de	0.0	0.0	0.0	5.0	6.0
77faee436ca719c1977f405c3f3b4a6d	0.0	0.0	0.0	0.0	31.0
77fc2634c294bbf746bf7c7bedcbe8d0	0.0	330.0	0.0	0.0	0.0
7816f74b1276f1406ea0da046c7351b5	0.0	14.0	0.0	0.0	0.0
78578eb3986467d1191c30411dfc4282	0.0	0.0	28.0	0.0	0.0
786df1857b2f735e4fd6584c39b890b5	0.0	0.0	0.0	0.0	23.0
78c4dfa4b7c3b51b3c48b5c512546d73	0.0	7.0	0.0	0.0	0.0
78da9750b0e359a782bacbb0216befdd	0.0	0.0	0.0	34.0	0.0
78dc9c25ebd698059769018242aae3bc	0.0	0.0	0.0	31.0	126.0
78e8b9215e4c2bdcaf825b7b3c6393e8	0.0	3.0	0.0	0.0	0.0
78ef7e8b57138e46248a4a05d71440c8	0.0	0.0	0.0	18.0	0.0
78f76173318b97a97d1169023ec01988	0.0	3.0	0.0	0.0	0.0
793605afb23eae6df159025236ba7afc	0.0	3.0	0.0	0.0	0.0
79c4811070db779d80f3d8760231e30a	4.0	0.0	0.0	0.0	0.0
79e681a71af421c28c3a2cfa50983f2f	0.0	0.0	0.0	0.0	90.0
7a264990b4547312bf52417e26c483c9	0.0	0.0	0.0	4.0	0.0
7a58fc08af1b9161ac339e2f4b4c0219	0.0	0.0	0.0	5.0	0.0
7a929c1dff3e88b3e64c7b5806e0b7a3	0.0	9.0	118.0	0.0	0.0
7a9e0d540c7a588ab2c05c4dea404d8f	0.0	0.0	172.0	0.0	0.0
7acbfdf3ca7c0e7a0a0fea224e87af18	0.0	0.0	0.0	0.0	3.0
7ad5082acedeb121521be96ea68c16b7	18.0	0.0	0.0	0.0	0.0
7af068b46e662ebda473945c1f48f6e7	0.0	0.0	0.0	0.0	7.0
7af09e3c388d7e5aa0c214d65ef0ee83	0.0	0.0	0.0	2.0	0.0
7b06cac5e3aae5404edc8caacb750e9b	0.0	0.0	0.0	0.0	8.0
7b53c8f39848a8d817f5aa69f31e5a0c	0.0	0.0	0.0	0.0	2.0
7b5d5213bb16721a0c28cb505567390a	0.0	14.0	0.0	0.0	0.0
7b60154f8c379ddee1854f6c63b01785	0.0	0.0	4.0	0.0	0.0
7b860796a1b19a2954521a065fb2b93c	0.0	0.0	0.0	0.0	12.0
7b9ff6233e34f11e0d48f99a55bdbf46	0.0	69.0	0.0	0.0	0.0
7be1475f24dd4fd01e66036b83f39edd	0.0	0.0	0.0	0.0	33.0
7c11339471009759b1ec16ce09429af8	0.0	0.0	0.0	0.0	7.0
7c342291a1c802d1945bf580a6ca8676	0.0	0.0	0.0	119.0	37.0
7cb7f74fedcc8ede7ed439b918fc5443	0.0	0.0	114.0	0.0	0.0
7cdd2b5da3eda74c538b7ab83b2706a4	0.0	0.0	0.0	0.0	12.0
7d075a22a96586f1953c7889f92b8bcb	0.0	0.0	0.0	0.0	4.0
7d219f906a6fcee217683d982f77d1e2	6.0	0.0	0.0	0.0	0.0
7d23c8ea8a78fba26dcc231b3cb3d8ed	3.0	0.0	0.0	0.0	0.0
7d2c0bf77d1048b740a0eb47b3f80c23	0.0	0.0	0.0	0.0	46.0
7d329d29825f4706fe20849349ccfdcb	0.0	49.0	0.0	0.0	0.0
7d33a8a11eabc436f035c425baafa713	0.0	0.0	0.0	40.0	0.0
7d367f799473c1528b44db10d8579d9a	0.0	0.0	0.0	0.0	37.0
7d3a85984aae29d66d93b1562e3d30ef	0.0	0.0	33.0	0.0	811.0
7d3c1f27a0ff167802a5ea7f2ca1001d	0.0	0.0	0.0	12.0	8.0
7d48cefda49e9c94713170e4dcc971d2	0.0	0.0	0.0	0.0	8.0
7d4b63eeb56d167fafdb79661c32d6b3	0.0	0.0	94.0	0.0	0.0
7d530de69cd688f1b07c44c57a47f201	0.0	0.0	0.0	8.0	0.0
7d6f5a5374b39996d5f8bb1f218074d8	0.0	0.0	0.0	0.0	67.0
7d8731c505bf2f4f8cc2f42a6d1061cf	0.0	0.0	0.0	0.0	3.0
7da8bcb717adb3d4eadb1f1ed696a512	0.0	0.0	0.0	7.0	0.0
7da9692802a3aff9e6992fc43cba174e	0.0	0.0	0.0	0.0	8.0
7dab984522914efcec0d4d67a9896ea7	0.0	0.0	0.0	4.0	0.0
7dbf8044196ea8cc894577991fee5afb	0.0	5.0	0.0	0.0	3.0
7dcd1775022d33f9d98ccd64b891a5e6	0.0	0.0	0.0	6.0	0.0
7dd41494580d6ac3e5d3cfdc15b24a1c	0.0	162.0	0.0	0.0	0.0
7de4fd1ad92268f387620d1ea75ee92f	0.0	0.0	0.0	114.0	0.0
7de8357661e8182771db98b376924183	0.0	142.0	0.0	5769.0	338.0
7df16d02e975878fdd2b0f2817cd7a78	0.0	0.0	0.0	0.0	32.0
7e183564a3fd811347784e586d49fc17	0.0	12.0	0.0	0.0	0.0
7e3c741ebbf3d11f5f72a5430789d1f1	0.0	0.0	8.0	0.0	0.0
7e56626b5377cd0b8bf4499b1207fdaf	0.0	0.0	0.0	4.0	0.0
7e6514ca0fff2c84513603ccbd0920b5	0.0	14.0	0.0	0.0	0.0
7e725a4614eeb53edfe7e235a20a5eff	0.0	0.0	0.0	8.0	0.0
7f15968746a4342bdfba9db59a107013	0.0	409.0	121.0	0.0	0.0
7f15ac7f40f064f8bb24a8b18ff3f274	0.0	0.0	0.0	61.0	0.0
7f3b46a5529ea68ccd85a07aef0251ce	0.0	0.0	0.0	17.0	0.0
7f4c146272ccc5a13e2b0009388cb099	0.0	0.0	0.0	0.0	3.0
7f53cb8a8737391fe31bd4e09d07887a	0.0	0.0	4.0	0.0	0.0
7f627ea9aad46a0fbcbde416f0145831	0.0	0.0	71.0	0.0	0.0
7f72b71a9abf0f03e72c44120c880b05	0.0	2.0	0.0	0.0	0.0
7f79adb6f17ca8c8dec3d655e2206dd6	0.0	0.0	0.0	51.0	14.0
7fb295b629ab9ec871eb8a7605fd8df8	0.0	0.0	0.0	4.0	0.0
8039fd830d62f5940661e5078cf846f4	0.0	0.0	0.0	0.0	7.0
8090c48f51aaa6b8dc448a26e193de9d	0.0	0.0	0.0	2.0	0.0
80a41818f3b7258f234f5bf22f7bf766	0.0	0.0	0.0	0.0	12.0
80b834e171c9785d08b92d55d4f6886b	0.0	0.0	0.0	5.0	0.0
80d8b6f70e00c656e1689aa9272d7954	0.0	3.0	0.0	0.0	0.0
81165399db5261433d39c412ab89efc8	0.0	0.0	0.0	9.0	0.0
812c130e065853242416a86d9c201dce	0.0	8.0	0.0	0.0	0.0
8131cf461b4fa2a23e89a82691b4555c	0.0	0.0	0.0	57.0	0.0
819870ff471b85838705497ffc408c93	0.0	13.0	0.0	0.0	0.0
81cab5223a507c4aa5a33ca5c774c35d	0.0	0.0	5.0	0.0	0.0
82368b550e4c5822348e8050c2411645	0.0	0.0	0.0	0.0	12.0
82503fe9e1c7d889efdecddc394e158d	0.0	2.0	0.0	0.0	0.0
8261e48764aac13340807fe5dd110524	0.0	0.0	0.0	18.0	0.0
82963a3a6d60106617ed04d266d7e378	0.0	0.0	0.0	0.0	12.0
82a1f960f214861c28d1ec156f14d7f1	0.0	24.0	0.0	0.0	0.0
82addaa5364c5645739a2028b5c8d51f	9.0	0.0	0.0	0.0	0.0
82bec365613a1e7b2a3dee13d040fd01	0.0	0.0	0.0	12.0	0.0
82d4fa111d991ab3fa7a320e9549ef8e	0.0	0.0	5.0	0.0	0.0
82e304a8900ad5307bb8109f01148467	0.0	57.0	0.0	0.0	0.0
82ecbc9f2459fa42f4eef56d7e0bf0d0	0.0	57.0	0.0	0.0	0.0
82f2416c81b24af84c574de3d0853a03	0.0	0.0	1128.0	0.0	0.0
83233b11607e6ceeca0bb04473bdb798	0.0	152.0	62.0	0.0	0.0
832f0efe949e848810e88b643e8042a7	0.0	16.0	0.0	0.0	6.0
834699124d5748cbceb1981b34153d50	3.0	0.0	0.0	0.0	0.0
836d43a2ff8c6ae378553d85bfb5f4e4	0.0	30.0	0.0	0.0	0.0
839fe6bb02db2b1282dd6a69d8872422	0.0	0.0	0.0	13.0	0.0
83a0a436852e6db365936683af115423	121.0	0.0	0.0	0.0	0.0
83a88f3e2092ed525607aa537ece1db0	0.0	0.0	0.0	9.0	0.0
83c50e021e453e9de36389c568944b0d	0.0	0.0	0.0	0.0	17.0
83dc494159b3739fc40c41d7a5ba162f	0.0	3.0	0.0	0.0	0.0
83f324ac7c067ecc98dee0ec1097e2d3	0.0	0.0	4.0	0.0	0.0
84327f5d311c1a6b9973fcca8cc8306f	0.0	24.0	0.0	0.0	0.0
845ef9ed109d8950684f758f05a8950a	0.0	0.0	0.0	0.0	3.0
84a72f3f2bba57bb666525d714362f2d	0.0	0.0	0.0	0.0	27.0
84b79915317034665f3d9ecf99f786c0	0.0	0.0	0.0	8.0	0.0
84f82f02a73537c4a8c50ed082b8c109	0.0	0.0	24.0	0.0	0.0
850796611d6416c50ea56c4c9268dce3	0.0	0.0	0.0	12.0	0.0
851db920df0a0553307ead8ea99d766a	3.0	0.0	0.0	0.0	0.0
852b735115103399f5126fc45cd398d6	0.0	37.0	0.0	0.0	0.0
854a5d6c8be676d2e1979ea9f53c5d82	0.0	0.0	149.0	0.0	0.0
8564e360a084fe5d9af382784bda2349	0.0	0.0	0.0	14.0	0.0
856a3ba5de38e60eb3bb2fede7039a84	0.0	0.0	0.0	26.0	0.0
85e1401590c73f68252924ec87ea9f5d	0.0	0.0	0.0	0.0	3.0
8612a638846acf832935cb932a1f0398	0.0	0.0	18.0	0.0	0.0
8662ed3944eaeb7bb89679042d3fd956	0.0	0.0	0.0	0.0	3.0
868e0165fe32a8925b7f20afa5e1dbfc	0.0	0.0	395.0	268.0	615.0
869e55aa8e9a84a7279db0e83e1faa4d	0.0	0.0	4.0	0.0	0.0
86c2391564dcb1820562f6c2c9a8bb80	0.0	2.0	0.0	0.0	0.0
86ed417a8a95d600c46db23b437e6a6a	0.0	0.0	0.0	4.0	0.0
8703b97a491054483fcad4fa4bb8e8f2	8.0	0.0	0.0	0.0	0.0
874311c1048fd431c9e27bee67784ac7	0.0	0.0	0.0	0.0	85.0
875de740bc01e0796aea9729e29a7b72	0.0	0.0	0.0	10.0	0.0
8794266a9850580f5e066fcd3caea9c9	5.0	0.0	0.0	0.0	0.0
87c3e0c23ded225c000368a2fd8ab76d	0.0	0.0	7.0	0.0	0.0
8802c68915c10c60973d5875ead822ca	0.0	0.0	0.0	11.0	0.0
8837bc629956da3b9bf9b6a688b0dc03	6.0	0.0	0.0	34.0	0.0
88570f61c9dfae36fe24cdebf991a0e3	0.0	0.0	0.0	2.0	0.0
88e2aad760a2a14a57d80b478cc2d87f	0.0	0.0	10.0	0.0	0.0
88e81e7aaea65b0aa534befc91ae76c0	0.0	0.0	4.0	0.0	0.0
8904dcd2b538577a5fab1a089d027c9e	4.0	0.0	0.0	0.0	0.0
893685fccc772787a57803029a043619	0.0	0.0	0.0	0.0	6.0
895bccc9ab72763e1cd96c2e2d4107fc	0.0	0.0	0.0	7.0	0.0
899c9a4568644d77d9b40fa312fc6bee	0.0	0.0	6.0	0.0	0.0
89a6a6ddef4cd56ed5f76cdd78d48894	0.0	0.0	0.0	0.0	3.0
89d4089c9c7ca4e0f009feb0744f5e59	0.0	0.0	42.0	0.0	0.0
89da69a3219ef2d3b1fa156fb947b085	0.0	40.0	0.0	0.0	0.0
8a05c2eac7ef0ae819ab514a5ff3c6ef	0.0	0.0	0.0	0.0	14.0
8a5bfa564897b76e04a95c51390493c8	0.0	0.0	0.0	0.0	50.0
8a708778e5a5f5a6d79a3923406f7fca	0.0	0.0	0.0	15.0	0.0
8aad76af3178cebbece285bb0a7cab04	0.0	0.0	27.0	0.0	0.0
8aaecbcc8af4cba72ae7521704416a37	350.0	0.0	0.0	0.0	0.0
8ac3b2b23f80a0ea372013ededcfea55	24.0	0.0	0.0	0.0	0.0
8b35f27fc124ddeed825965f30c1c90c	0.0	0.0	0.0	0.0	3.0
8b471c9691610ae7634e55794c93b067	2.0	0.0	0.0	0.0	0.0
8b5c33ce1689e0cc8b9a1bb78b8b501d	0.0	38.0	0.0	0.0	0.0
8b7a94791b478eba2e9c2317c45e1d79	0.0	3.0	0.0	0.0	0.0
8b9c1a0fee2a0e30865a0381029e0833	0.0	0.0	0.0	14.0	0.0
8bbba82c645a96de2f8cd933345fd39a	0.0	0.0	0.0	0.0	7.0
8bea596f381c0639d4185b77ad1496ff	0.0	9.0	0.0	0.0	0.0
8bfc586e5590d800f7dddcb1d8906c57	0.0	0.0	3.0	0.0	0.0
8c4a483ac9d016568b24833e46063858	0.0	0.0	3.0	0.0	0.0
8c65d4753b0d414edcda20810db8f493	0.0	2.0	0.0	0.0	0.0
8ca72f4162da7f8dca616a1c84c30af3	0.0	586.0	0.0	0.0	0.0
8cae8263d1ff3a2a48e4eb3b14757184	0.0	14.0	0.0	0.0	0.0
8ce12e88f6b59bb09494567f0d678092	0.0	0.0	0.0	30.0	0.0
8d2428cc1f7d61e4a774075ef3310705	0.0	14.0	0.0	0.0	0.0
8d25cabbfb11624a9e1e87c71c49c387	0.0	0.0	0.0	0.0	5.0
8d32cb7d685931e9669b78d2cde217c5	0.0	0.0	0.0	0.0	10.0
8d8555c2b064f9e20ced37f7fd5169d3	3.0	0.0	0.0	0.0	0.0
8df1a84e276e557fff85d6357479518c	0.0	18.0	0.0	0.0	0.0
8df80bba38f649204a41ec3fc39c98ce	0.0	0.0	0.0	21.0	79.0
8e0f5298e47a5ed40ae17be6f83b3214	0.0	0.0	0.0	6.0	0.0
8e6c843bcb61db83674f873cff72e6ba	0.0	0.0	0.0	0.0	5.0
8e9584c65e5c32b0c284c3732e7c3859	0.0	0.0	0.0	8.0	0.0
8ec223869c46eaf52ffbf419f138910b	0.0	0.0	0.0	0.0	17.0
8ecce4ffa7575a20dc5d5833030eec3d	0.0	53.0	0.0	0.0	0.0
8ed57d9bfc87f754b7496e80dd8d2c61	0.0	0.0	0.0	33.0	0.0
8eeef25be57eff98454b8e7fa27c165e	0.0	0.0	30.0	0.0	0.0
8f0184e444480b0bf5fe1ee2c8a36097	0.0	0.0	14.0	0.0	0.0
8f05e134b87529e192357bb6694f36fa	0.0	15.0	0.0	0.0	0.0
8f399a888a01b065ba282c2cb6745473	0.0	56.0	0.0	0.0	0.0
8f52750171ff6a981a21a6f7359cc481	0.0	0.0	0.0	0.0	106.0
8f5752ea207114ff1850843cfb0662fd	0.0	0.0	3.0	0.0	0.0
8f59842fb091f1f0f31e164bb12787f1	0.0	8.0	0.0	0.0	0.0
8f7751566d4b004222fc370fa5c47bfc	2.0	0.0	0.0	0.0	0.0
8fd6bccac4611196896f864d8eccbc60	0.0	4.0	0.0	0.0	4.0
8feb40b17c8c120a9b671437a0791c27	0.0	0.0	0.0	3.0	0.0
8ff596a0e06b6e1e41c72cd01081f1e8	0.0	10.0	0.0	0.0	0.0
9002b524806ef30983a9d1a0cca36048	0.0	0.0	0.0	0.0	2.0
903e7dc5afe4a7f749607132f60e4e21	0.0	0.0	0.0	15.0	0.0
904b6dda37ececdf1e077fe32f2d3913	0.0	0.0	164.0	0.0	0.0
90537f7b2d74ae08250f1f4b04b29935	14.0	0.0	0.0	0.0	0.0
905d050533364a5cbe591cecb0c08cc6	0.0	23.0	0.0	0.0	0.0
906f8ac0ca864d0d675222da9e4cbb60	0.0	0.0	0.0	0.0	20.0
908048e42bc4d0497b0ff4a8378b14fe	6.0	0.0	0.0	0.0	0.0
90862cfb598081cf175aba8889ecf089	0.0	0.0	0.0	23.0	0.0
90a3bf29d83f1dd9b8b649067d8de5c0	2.0	0.0	0.0	0.0	0.0
90a990049ff318fdb5f8102e2604ee83	0.0	0.0	0.0	0.0	5.0
90c2533d8efa9402439795784e4b0390	0.0	0.0	0.0	72.0	0.0
90ca218245bd70c9a71947c51864feac	0.0	0.0	3.0	0.0	0.0
917d0b27eb1a794f9bfc0b0c2fbe9b01	0.0	0.0	76.0	0.0	0.0
919e6fc382d5a1e64249da90bc5b4d25	0.0	0.0	16.0	0.0	0.0
91b621cd70b1ab29044d320eff99fbc9	3.0	0.0	0.0	0.0	0.0
91b6ecde35c8798c2d40e3bb81c49994	0.0	0.0	0.0	0.0	28.0
91c6509f72429b56ec3c7b7d7a08eb81	0.0	0.0	0.0	18.0	0.0
91e3f6d5ecfc69d6b781d07bd63973aa	0.0	2.0	0.0	0.0	0.0
91e66c5ac7531d96972540ce07b7796b	0.0	5.0	0.0	0.0	0.0
920913c7d383e0f1d074ee72156f3896	0.0	3.0	0.0	0.0	0.0
924c7f0f120d14bf43a613a36fd6a258	0.0	0.0	0.0	29.0	0.0
92a893d3180b2c093dc64fb2bcb20526	0.0	0.0	0.0	0.0	4.0
92b5eab991a1b16826c913cb4f080c93	0.0	0.0	7.0	0.0	0.0
92b93f16ea0f0da6c5ab6bda492398f1	0.0	0.0	0.0	66.0	0.0
92d5e790e8cb080e32b7107ecf70543a	0.0	4.0	0.0	0.0	0.0
92df2c03d90d65043d8a81ae070d740a	0.0	13.0	0.0	0.0	0.0
92ffcdfde8ffc224fc88778411d9957e	0.0	0.0	890.0	0.0	0.0
930e3925edfb72e77e0c019b59229bef	0.0	532.0	0.0	0.0	0.0
931056c974790806680bc429991786eb	0.0	0.0	0.0	0.0	41.0
9317d7ba25f4650ed12f277aeb34480e	0.0	0.0	5.0	0.0	0.0
932abd5814ffefa511495ba9a67c90b0	0.0	0.0	34.0	419.0	13.0
9335ace1a71dac9969ca5932ae3c8be7	0.0	0.0	0.0	26.0	22.0
9350e33d2688690528341b63b60b8c8c	0.0	0.0	0.0	16.0	0.0
936fc5db30a04d4990e62b14a0094a5b	0.0	3.0	0.0	0.0	0.0
9375f9c150cc8baee2afe7296506ad21	0.0	0.0	29.0	0.0	0.0
93a7fc8be914a058cf4bad609c8cea9d	0.0	0.0	0.0	0.0	11.0
93d0ad4b3df0485cdb67282debcc9cd8	0.0	0.0	943.0	0.0	0.0
93fdb9b6d3f885bfc0ad2d0ccaa38359	0.0	0.0	7.0	0.0	26.0
940f895b77a891622360a59a2bc48a9a	54.0	0.0	0.0	26.0	0.0
9421e1815284f5a30f54a82c5bccd1b5	0.0	0.0	0.0	45.0	0.0
942dc2059374ff134c16b8168a16a379	0.0	0.0	0.0	49.0	0.0
948a90bc8c3a43327efd18f613411712	0.0	0.0	0.0	2.0	0.0
94969da1e35df4c6278fada1667176a2	0.0	0.0	0.0	0.0	2.0
94c633574ab02d798dc43be113c5510c	0.0	10.0	0.0	0.0	0.0
94cb341d7ae9fae71ba9c0068a65b73c	0.0	0.0	0.0	0.0	3.0
94ff9b0ce36bac2dee4582866e91b84c	0.0	0.0	0.0	11.0	0.0
953d6d0a551de62b58c96dbef8759bbd	0.0	0.0	0.0	79.0	0.0
9586bd39507f17b3372246a922c93fe0	0.0	4.0	0.0	0.0	0.0
95a672e8df0b138243bb1d987f5e20a0	0.0	0.0	0.0	18.0	0.0
95a7e70fb332ba3cda224b5fa86471f2	0.0	0.0	14.0	0.0	0.0
95b192918952ac9d503f82c532e1b8c3	0.0	6.0	0.0	0.0	0.0
95cd70b947071cf69af8e29ae7bf9993	0.0	0.0	0.0	0.0	7.0
95e03907c61129e1939f40e2accdf174	0.0	20.0	0.0	0.0	0.0
95e40ccc424c7c7e3b64a70bed6b64d7	0.0	0.0	0.0	0.0	9.0
95eaa39eb882c85698dfb8c826b2452c	0.0	0.0	0.0	3.0	0.0
9620f214d2f63b93b5f1c6a6d52db821	0.0	0.0	0.0	28.0	0.0
962d70b1b33130cdab1324c326e9ea09	0.0	0.0	0.0	0.0	9.0
9667d88f94e43375fc3e56138bb302ab	0.0	22.0	0.0	0.0	0.0
967305f07da343d6f56402c0b4256276	0.0	0.0	0.0	0.0	3.0
96b105bf515628a88aecd342ba6e1cca	0.0	84.0	0.0	0.0	0.0
96c3528135912ee9ad7d7b2f19ab1395	0.0	0.0	0.0	11.0	0.0
96e8de48d3d73b12fb7df3352302af42	0.0	0.0	0.0	0.0	3.0
96ecd9509e85e863eb874d3a5d73b341	0.0	0.0	175.0	0.0	0.0
9736953402c381fe8bce7a067947f745	0.0	16.0	0.0	0.0	0.0
973bb4c8c38285042be9d64d5209a0da	0.0	0.0	0.0	0.0	11.0
973f7be07a3b723a95dae7242d50ec63	14.0	0.0	0.0	0.0	0.0
97991ce469a1cc109b514c89920eaa50	0.0	19.0	0.0	1168.0	0.0
97b4b4f154bcc36b2ba9271164c44d89	0.0	0.0	0.0	17.0	0.0
97baa0ffbed43e24b0616bc832d05d67	0.0	0.0	234.0	0.0	0.0
97db5608a15297f8cd555f7444c3864e	0.0	2332.0	0.0	0.0	0.0
97f291ed6bc75c7459d329ee83418055	0.0	0.0	0.0	11.0	0.0
97f36d2e257f3bc36cdccccde72f8eab	0.0	0.0	0.0	17.0	0.0
9811d47cb11cc1fa12ff353bf888ab0f	0.0	0.0	0.0	0.0	6.0
98224acdee95f11951bef95739300c78	12.0	0.0	0.0	0.0	0.0
98a8274ab6e284be5a1416c89b77bd0b	0.0	0.0	0.0	748.0	0.0
98ab8e03251ebdb7a3ae8bf45222e161	0.0	0.0	0.0	0.0	55.0
98b98522410903b4eb0eae3216158b35	0.0	0.0	0.0	0.0	3.0
998f6576adcfe2bd09ec47f2cb64fdc6	0.0	102.0	0.0	0.0	0.0
99b4ac42169afb273fcc87be2bd747d7	0.0	7.0	0.0	0.0	0.0
99ce808871edf294bb6accdb50ccc2c7	0.0	7.0	0.0	0.0	0.0
9a0f47ae9fb9b9f567a87afc761144c9	0.0	0.0	174.0	0.0	0.0
9a14d542135536d98edeb123b54dc70c	3.0	0.0	0.0	0.0	0.0
9a3f5db0b61b55b63e8ad26e8326863d	0.0	0.0	0.0	0.0	55.0
9a89283be36e3155bad05c6786d449ee	0.0	0.0	5.0	0.0	0.0
9a95ec0b3aa8d668e6c7b0dffac74b9e	0.0	0.0	5.0	0.0	0.0
9b171250caa6b25426e85582837e3a37	0.0	0.0	0.0	40.0	0.0
9b2ff1b646b612703b401ecf699e2ec4	0.0	0.0	0.0	43.0	0.0
9b526490a25dd27df009f3129349d8ac	0.0	0.0	36.0	0.0	0.0
9b52cf91929f667780577e830fa9ebe3	0.0	0.0	211.0	0.0	0.0
9b63d10ec89131d157d50ae272b4c21b	0.0	0.0	0.0	2.0	0.0
9b8197bec1207578f3be54a322cd5604	0.0	0.0	36.0	0.0	0.0
9ba42ddba0e3ed33acf0bd28c87a9046	6.0	0.0	0.0	83.0	0.0
9bd5acde0d123351adabddc9d123a615	0.0	0.0	3.0	0.0	0.0
9bf520195bc7b7fa59031ded0d278f59	0.0	0.0	3.0	0.0	0.0
9c076db36bb0fa52d3695cf13f96885e	4.0	0.0	0.0	0.0	0.0
9c3c7b1a96cbaa6b61ab6757e3643119	0.0	2.0	0.0	0.0	0.0
9c405b9f8fcdab2f335c52ee44d51e2d	0.0	0.0	0.0	2.0	0.0
9c6af9ca9367ebb9595766d44b3f1cef	0.0	6.0	0.0	0.0	0.0
9c6e2614e9586406f4b6a9dc0fa35c39	0.0	0.0	31.0	0.0	0.0
9c975efbd8135ae768c8f55abacd1ff5	0.0	0.0	0.0	0.0	16.0
9c9e3000591868168b2deb3b1cda53f4	0.0	0.0	0.0	9.0	0.0
9c9e6fc30c1a637cfe6957f4833c571a	0.0	0.0	0.0	0.0	8.0
9c9f1fdf5cb44a0f7e284b07754c9e9a	0.0	0.0	0.0	61.0	0.0
9ccd9afe5013baf67ba6baf4f2cfe8b2	0.0	0.0	2.0	0.0	0.0
9cedd7d8ff134f9b4d61bccc7fa9ea30	0.0	0.0	0.0	61.0	0.0
9d0aebb039be946bbd42475a36bd3868	0.0	0.0	0.0	3.0	0.0
9d2c68404b06c05cbbe119353ee07b2e	0.0	0.0	0.0	0.0	7.0
9d67cff0ef5c7759ce0a1c407e8f2d4d	0.0	0.0	0.0	92.0	0.0
9d6b9cad90e169634d12639d992d693c	0.0	2.0	0.0	0.0	0.0
9d6ff3c3f92aab39b0b4d8e2d6e5ff0d	0.0	0.0	0.0	0.0	69.0
9dc03fb79baa32e610c088586793edb5	0.0	0.0	0.0	19.0	0.0
9e23f29471b6d4ed1b8c62f92671cb27	9.0	0.0	0.0	0.0	0.0
9e2f80eb1d7edf82ce24431154e85a6c	0.0	0.0	0.0	0.0	15.0
9e5e67bd739c8bf1cc035b965ddc0199	0.0	0.0	5.0	0.0	0.0
9e701e82d552ee66d9007fa3883b6560	0.0	0.0	0.0	0.0	110.0
9e78d501c34eabc9f5e8e190065b6a13	0.0	0.0	10.0	0.0	0.0
9e8fe687b691a748321b96ab41d6b828	0.0	0.0	0.0	5.0	0.0
9f33cbc00e55923849527729fff190fa	0.0	0.0	0.0	2.0	0.0
9f5329d148cc20e174abcbc7d8c069d7	0.0	0.0	25.0	0.0	0.0
9f81e0d7841032173b56d0c7899359bd	0.0	0.0	10.0	0.0	0.0
9f835b2f3d57bd65359b2914213b8e7d	0.0	0.0	1456.0	0.0	0.0
9f8532e9e6b43f897e89f43ba71b6ea9	0.0	10.0	0.0	0.0	0.0
9f8d5485122078eb5b5cf91ae0c21e00	0.0	0.0	473.0	0.0	0.0
9fab72b45678ebc688099cf97f074e1a	0.0	0.0	2.0	0.0	0.0
9fb50a32a737170fe6d700455d7e81a6	0.0	0.0	0.0	0.0	32.0
9fd7c8c535ef3304ea34592afc192af7	0.0	3.0	0.0	0.0	0.0
9fede133bf98b79800ea05c7313fad51	4.0	0.0	0.0	0.0	0.0
9ff5284e58e014212dcc04ad07eff282	0.0	0.0	0.0	0.0	3.0
9ffc533a5cb93bf55be0d6ee2b73a9d3	0.0	238.0	0.0	0.0	0.0
a01ccb667125ba994dba1221ba99abe0	0.0	0.0	0.0	29.0	0.0
a069e1d9e96224639db703d7a643deac	0.0	0.0	0.0	382.0	0.0
a071d25d809be13a26179e396e4cd8a6	0.0	0.0	8.0	0.0	0.0
a080a409c3444a2a2ebd1d7716b1b32f	0.0	0.0	0.0	0.0	21.0
a0e922d62a3542d8a9b75d8f7ffe603e	0.0	0.0	0.0	3.0	0.0
a0f2b1a04161441bf3d0cefe3e7e7f09	0.0	0.0	0.0	12.0	0.0
a1046e4d1b53d03e0af57f1dc49ee4d8	0.0	0.0	0.0	31.0	0.0
a116c52a86e4268d66071dc36895c296	0.0	0.0	49.0	0.0	0.0
a11a3bc66dd94869da1a3fe994fc92a6	0.0	0.0	0.0	15.0	0.0
a120de771db6e02d79b68e387a30892d	0.0	0.0	0.0	0.0	10.0
a13e613a04fdc85c701cba3830ffc93e	0.0	0.0	0.0	13.0	0.0
a1666118f9322b32b3f1408deb55ff34	0.0	106.0	0.0	0.0	0.0
a1ae7aa99e8e799385578b4308aa4e33	0.0	0.0	0.0	52.0	0.0
a1f3ff2a522d28314dbd68e181004126	0.0	0.0	0.0	54.0	0.0
a1f96370cf9222f9cd2773c6d236e419	0.0	0.0	8.0	0.0	0.0
a21089107e7d133a5b8057be3199fe7b	15.0	0.0	0.0	0.0	0.0
a215c96bb52a354d39d964f6b92f706a	0.0	0.0	0.0	6.0	0.0
a217113c1f664a4c72dc79b682fa5198	0.0	0.0	0.0	195.0	0.0
a26f3992347bfef86157c959235d4e59	0.0	0.0	0.0	4.0	0.0
a291e6470e2c0ffd6799e798d1252d3b	0.0	40.0	0.0	0.0	0.0
a2937075d1f68ef3b70352fbbf9516d5	0.0	5.0	0.0	0.0	0.0
a2b8cf69dfe2324c9b91b1cb93ae1a52	0.0	0.0	0.0	9.0	0.0
a2c30157604ec153f698b94e42b202d7	0.0	0.0	0.0	3.0	0.0
a329d4df5a3057d5ae7e10a5e0514a55	0.0	0.0	0.0	18.0	0.0
a352fad86e63d245aa362b6a038d24cf	0.0	0.0	3.0	0.0	0.0
a354e6173f6d80996c50c0fba368ae92	0.0	0.0	0.0	0.0	2.0
a36d9d3e0217299d5df4a8b88b19ecdc	0.0	0.0	0.0	0.0	5.0
a3940132a0c45ae8434c2e9ce8a097bc	0.0	0.0	3.0	0.0	0.0
a3a70fe98269157cdf11cc4816f8e8c5	0.0	0.0	7.0	0.0	0.0
a3aa49b535ce95526f82bdccc91d8978	25.0	0.0	13.0	0.0	0.0
a3c3a53c56577ac52dada235c22302cc	0.0	0.0	0.0	136.0	0.0
a3c4150d617a42a732bb292ad9dc1559	0.0	0.0	0.0	705.0	0.0
a3d55d725735945c69818d4bbc8ca795	0.0	0.0	0.0	0.0	20.0
a3d56622566f170fb70189b82939a247	2.0	0.0	0.0	0.0	0.0
a3df0ba671e3924639804ffa30736967	0.0	0.0	0.0	2.0	0.0
a411a5acba2a26c16289fe2b23d5fb7d	54.0	0.0	0.0	0.0	0.0
a41486fe1d206cb29ed2b9911a7ab364	0.0	0.0	0.0	0.0	12.0
a418a0878c4a259f9830f8387baeaf4b	7.0	0.0	0.0	0.0	0.0
a4198062792d65552a5d3ad1e2ec5bc9	0.0	0.0	0.0	89.0	33.0
a44e803cc498767747a9d6003dc4c3da	0.0	0.0	25.0	0.0	0.0
a48c513073e52c945d86ff12f0494c96	0.0	0.0	156.0	0.0	0.0
a4c70502d9722569e185f44c54066d9c	44.0	0.0	0.0	0.0	15.0
a4d6fa6a170c42564dd6b49d93bf84c7	0.0	0.0	0.0	0.0	9.0
a4eb1f19299f6ca492cb91cfa643baba	0.0	0.0	0.0	20.0	0.0
a4f447b6dc20c9f362e5d5ab79437b73	0.0	0.0	0.0	0.0	2.0
a4ffd4d2c85da20896c96aa5a51fd395	0.0	0.0	0.0	0.0	5.0
a506bf7138d049a6d5eb4a16c847c3b1	0.0	0.0	0.0	46.0	0.0
a51bf85bf45ef5aadb6981b8af409d2b	2712.0	0.0	0.0	0.0	0.0
a537d8bab85c83b0e74c73c55790324b	0.0	0.0	0.0	49.0	0.0
a56eec92cfbec5bcc9f9bbe046e73631	14.0	0.0	0.0	0.0	0.0
a5cd4e42b0232d8edb2e98a93a0cdda7	16.0	0.0	0.0	0.0	0.0
a5e4fa1c4fdfceff6877d2ba21ae0b91	12.0	0.0	0.0	0.0	0.0
a5ed2db76a1aa0b46bfda1d2738fe0b7	673.0	0.0	0.0	0.0	0.0
a66352fcd47a4a21b6f58bc0632e839b	0.0	0.0	28.0	0.0	0.0
a67a68a01499f61748e08f54ce7fdbbe	0.0	0.0	0.0	25.0	0.0
a67cdf3e2d85a79823e0fbf2dbe16e28	31.0	0.0	0.0	0.0	0.0
a68b6415d92852dd43ab27f1544c6444	0.0	0.0	1082.0	0.0	0.0
a6b5f853a83347e35d78d68dc55b85a6	0.0	0.0	0.0	0.0	25.0
a6c4481f8fd520beeaba9cd28ddb9864	0.0	3.0	0.0	0.0	0.0
a6c900e3332de81f92eb89ea78f67182	0.0	3.0	0.0	0.0	0.0
a6d838b17d34fefca74ca844fdbc8c59	0.0	126.0	0.0	0.0	0.0
a798c1a9ab5218b9466b681f0888c4e4	5.0	0.0	0.0	0.0	17.0
a79e9b40a6b3ed23a872e826e32d5921	2.0	0.0	0.0	0.0	0.0
a7b7e0a9feda4c527e9f7a27c200149c	0.0	0.0	16.0	0.0	0.0
a7e336be3fb495c219af56b5959f4093	0.0	0.0	0.0	2.0	0.0
a8120f1edfd8a55843a98d50826a13a7	0.0	0.0	26.0	0.0	0.0
a85f4dd0c69b425fdb96a37a1f23dfe8	0.0	0.0	0.0	23.0	0.0
a8c95554184955a94ee2385919a01a15	5.0	0.0	0.0	0.0	0.0
a8d203649022dd90fddebec8a5ae86c1	0.0	0.0	304.0	0.0	0.0
a90bfaff6e727766bf397d204377906c	0.0	6.0	0.0	0.0	0.0
a914f5ecf1054fd31bf743a0709def75	0.0	0.0	0.0	27.0	0.0
a936f1342978638be12c2c119f7a1331	0.0	0.0	0.0	0.0	3.0
a948df35f7bbeee2d2573bd3cf6ab61b	0.0	0.0	0.0	4.0	0.0
a96c1f36db79cdc8b2cd615a14e045f4	55.0	0.0	0.0	0.0	0.0
a976dc6af8b05e680119646ff15cf4d9	0.0	416.0	0.0	0.0	0.0
a9804ff1df4fbd82d2d262fc2d765c4a	0.0	0.0	0.0	0.0	138.0
a9ae274578158b2674f76bdbacfd4b0f	0.0	0.0	0.0	92.0	0.0
a9b0dee39779ebb3f1b58ce3ab4668de	0.0	0.0	0.0	0.0	14.0
aa15525843de9b26789e1046b57fdc51	0.0	0.0	0.0	0.0	3.0
aa3b9802bc3352fa13c30dadc6366368	74.0	0.0	0.0	74.0	104.0
aa4aa762e76a43e1a66ce0f1bbceb87c	0.0	0.0	0.0	0.0	6.0
aa5631f5d83e474773bbec18a4dc887d	0.0	0.0	0.0	11.0	0.0
aa67c8a54c8e45bd2757257bf7108e04	0.0	2.0	0.0	0.0	0.0
aa8a12c51ba1f529bf301aa1f65ebac2	0.0	0.0	0.0	0.0	8.0
aa97e65831a4d2bd1bfefe7b9b9acbb8	0.0	3.0	0.0	0.0	0.0
aac4bebc607fa614bbff3c225161a59e	0.0	0.0	0.0	23.0	0.0
aac8070a641330a7657b97088af1ee94	0.0	4.0	0.0	0.0	0.0
aadcc59a8d39d04ea359a2250898e153	0.0	53.0	0.0	0.0	0.0
ab03aa07cf45bcaca6cf891d4afa5955	0.0	0.0	0.0	5.0	0.0
ab0d1a50c7752a1771af4cad15de1e3d	0.0	0.0	4.0	0.0	0.0
ab17255cfb6dbb664b3000405242488c	0.0	0.0	144.0	0.0	0.0
ab385280e90aaf2dd00cfec08b1b3a94	0.0	0.0	0.0	0.0	2.0
ab4aeb83c948265ccd0c4c9ec33ca8ce	0.0	0.0	7.0	0.0	0.0
ab750bd2ea6a1881b77d95b94494f717	0.0	0.0	0.0	0.0	4.0
ab92d0b2ca5d6481064e003eac6df629	0.0	0.0	5.0	0.0	0.0
abcf02a9b1bf7edc6b0396ef58ffc068	0.0	0.0	2.0	0.0	0.0
abf90e1533eaa78138003e5a652ac2ca	0.0	0.0	0.0	15.0	0.0
ac13320dfe73ac4f270f27705928cdfc	0.0	0.0	26.0	0.0	0.0
ac216b0a1172e68383ea70e617973ce5	0.0	0.0	0.0	0.0	2.0
ac586e8a3c49dc04e926c4c78dc5ad1f	0.0	0.0	0.0	0.0	18.0
ac5fb3645893bec10c2188c1808ae6bf	0.0	0.0	0.0	0.0	13.0
ac693e78a271df27bda3b3ec9110e917	0.0	0.0	0.0	0.0	2.0
ac8f112d1754d8649ea8fe9c9b7ceecd	0.0	0.0	0.0	11.0	0.0
ac94dce189bb0a486fd0de664876dd92	0.0	0.0	0.0	0.0	7.0
acac0fab5ea18f0a033c1a3e85eedcdd	0.0	0.0	0.0	20.0	0.0
ad21dd2c40e7188da65c0997b32f12f8	0.0	0.0	0.0	22.0	15.0
ad2994decf5eb8cf66b07782e112180e	0.0	0.0	0.0	6.0	0.0
ad48c18ec580b28c31a7a122f65dd708	0.0	0.0	79.0	0.0	0.0
ad4ea249d21ccb84833790aa4c19e3f5	4.0	0.0	0.0	0.0	0.0
ad53576cccb4fb7af5597cb3f5168ab2	0.0	0.0	63.0	1579.0	1874.0
ad8628afd000acac15b6baaaf2bae124	0.0	0.0	6.0	0.0	0.0
adbf5553eca7e9109ac110a5afb50e56	0.0	0.0	0.0	2.0	0.0
adbfd5ae8605732cc566197da60bebc8	0.0	136.0	0.0	0.0	0.0
add849166bf63b3ce938180d0ea77dd4	2.0	0.0	0.0	0.0	0.0
adf8882d5fd60155f03f9a52e900d32d	101.0	0.0	22.0	283.0	332.0
ae345c7dc021e26fa2ef440606ace037	0.0	0.0	34.0	0.0	0.0
ae41ebedb9fc2cf300ccf09a944a776a	0.0	47.0	0.0	0.0	0.0
ae480da8ad6d7518666bc6d24aab632b	0.0	0.0	0.0	0.0	56.0
ae49a4c255bdd8eb0120ef2265fb7038	0.0	373.0	0.0	0.0	0.0
ae9976b6632144f7c7d8b27ac773b151	0.0	0.0	0.0	11.0	0.0
aec858268ad3c7bcec0f01caa48e5896	0.0	0.0	0.0	7.0	0.0
aeedba55e968bd732aba5161ff9ff3c8	0.0	0.0	0.0	4.0	0.0
af47dca15c893574894ce30537b320c5	0.0	3.0	0.0	0.0	0.0
af52111f30a436fc47360fbd5580611a	0.0	10.0	0.0	0.0	0.0
af9ddb829abe29e94562a642b62cbb8f	0.0	0.0	8.0	0.0	0.0
afe262a85555e819a2f10fad4e1d9d91	0.0	262.0	0.0	0.0	0.0
affdd1bdbc651e85a86ca18a85d21059	0.0	0.0	71.0	0.0	0.0
b016c4c9a074f0485137a0ca00a69633	0.0	0.0	0.0	89.0	0.0
b078203158e38c7942a8aaeb1211295f	0.0	234.0	0.0	0.0	0.0
b0884f5d8f9f859350528e2f467b97d0	0.0	54.0	0.0	0.0	0.0
b0b348240bad6e7ecc21feca39da02c4	0.0	0.0	0.0	0.0	4.0
b10ffa91a54844f6fab9f885e1827bf2	0.0	0.0	0.0	47.0	0.0
b1871e20755fbdf1451c2230aa4fc36b	0.0	10.0	0.0	0.0	0.0
b19cf99e2b1dbebf52cd864178367489	0.0	34.0	0.0	0.0	0.0
b1bacadedf06f6f954304c8932c4f259	0.0	0.0	0.0	88.0	0.0
b1df033f0bb9635915269ef446ec9a1e	0.0	0.0	0.0	0.0	3.0
b1ecfeb802c2ce203927f75a23452759	0.0	4.0	0.0	0.0	0.0
b21f8cd99a1ca2af3f89fd2faf0ce13e	0.0	0.0	0.0	0.0	44.0
b2953e422ccc47cb549f8941c9a1641e	0.0	0.0	0.0	0.0	4.0
b2acc7f3f8c0a30894ada4a20d4fc472	0.0	214.0	0.0	0.0	0.0
b2af4d64b32dca7f91e33770e2399aff	0.0	0.0	0.0	0.0	3.0
b2b40ae2ff1c4edbf182c3646fb10abc	0.0	33.0	0.0	0.0	0.0
b2bc1b7a19739ae9f4a16c660a0be144	59.0	0.0	0.0	0.0	0.0
b2e2d49f2f23a002666d50133027c145	0.0	0.0	22.0	0.0	0.0
b2e759423cee565f80f97e21fbc18602	0.0	0.0	829.0	0.0	0.0
b308727c33ea1bfd9567d50f8e68d96c	0.0	0.0	0.0	27.0	0.0
b30a396f5bab38f853d113cc0a8cbc73	632.0	0.0	0.0	0.0	0.0
b338a5dc08a44b9f6fc141a719ccedd6	0.0	0.0	11.0	0.0	0.0
b34b6a315cea4e7e601869c02f15b916	0.0	0.0	0.0	99.0	0.0
b39ad60ead55a4990ecaebc20d024779	0.0	0.0	0.0	79.0	0.0
b3ae525f8e5b765364e0da121946d810	0.0	0.0	0.0	0.0	14.0
b3c795119e07fdff3a144b60c6081068	0.0	0.0	0.0	19.0	0.0
b3e8f66ab7c631a9bf234d7e7e1943f9	0.0	0.0	0.0	0.0	7.0
b42b86c7b8ea96e0b8b3a46d2a795433	0.0	0.0	0.0	536.0	338.0
b43064daedfe469bb07e472569bb49da	0.0	0.0	38.0	0.0	0.0
b45dfd386fcd5de32762670bf6ebcaea	0.0	0.0	0.0	7.0	0.0
b498d07f56375baee81b8f0fb10dc5aa	0.0	0.0	0.0	11.0	0.0
b4a0bddfdb2571d589e7b341a05fa7aa	4.0	0.0	0.0	0.0	0.0
b4a5cd5f7ff572cf5a97ac7aad541faf	0.0	0.0	0.0	0.0	31.0
b4bc53565b51d4630b2b9f2b7d452c1b	0.0	3.0	0.0	0.0	0.0
b4c75d42dc46add035e48a55ece26ef2	0.0	52.0	0.0	0.0	0.0
b4d47ed003dcd0ea0d4880c4d8c105d8	0.0	13.0	0.0	0.0	0.0
b4dfe5016e9931b6092570c54c059b77	15.0	0.0	0.0	0.0	0.0
b4fc0630ce6635ff1821eef83b467e8d	0.0	0.0	0.0	0.0	2.0
b5004962a340019bb918489c162db039	0.0	0.0	242.0	0.0	0.0
b521253af6477fed3edb3698c5e031f0	0.0	0.0	4.0	0.0	0.0
b5336f2c757253f297f02dc56bfb79f1	0.0	0.0	0.0	0.0	6.0
b576dfe3a1055470652d9aaf29525d63	0.0	0.0	0.0	23.0	0.0
b577cd411c0954c61e2817065bc8a4c5	0.0	0.0	0.0	0.0	6.0
b5bdff85176e4e3ce56f2497fc77ac22	0.0	0.0	0.0	0.0	7.0
b5ceb81222f711d16234fba9c786d129	6.0	0.0	0.0	0.0	0.0
b5da70304926e3dcc581fce312054d02	0.0	0.0	0.0	10.0	0.0
b5f860bfeb6651626cf7478e24ca45cb	0.0	0.0	0.0	0.0	5.0
b60dd01d2ea3c2ff6bf85f30f69af275	0.0	0.0	97.0	0.0	0.0
b60f18845967360e0867e03374b76e3f	0.0	0.0	27.0	0.0	0.0
b642a6372ac3f585a74f5128a60d9f6e	0.0	0.0	0.0	0.0	7.0
b64e81675e0d5c7ac09b3ea14497a2a2	0.0	0.0	0.0	0.0	15.0
b66772dfb431b48b579915617caf0ad6	0.0	0.0	0.0	0.0	44.0
b698278fa62772dbe6cc130c54eaad23	0.0	0.0	0.0	0.0	8.0
b6c7e0313db9d83631c22c2f8bb2e513	0.0	0.0	0.0	3.0	0.0
b6ca735a3ac3878af5d963f0adcc3a9d	0.0	0.0	4.0	0.0	0.0
b6d4aeb8b944dbd411788c5125087e48	0.0	0.0	0.0	0.0	3.0
b6e640fcf0d102ad2d7b4cd89f8e1b48	0.0	0.0	0.0	0.0	5.0
b6efd286b3375665fde75f36f477c3e9	0.0	0.0	24.0	0.0	0.0
b756361aaf6c849685c33e81b7a9f449	0.0	0.0	0.0	0.0	30.0
b75cb70b3671240a4eaa62324ab91f81	0.0	81.0	0.0	0.0	0.0
b76761d2ab972590be0cd4c237719187	0.0	0.0	0.0	12.0	0.0
b7a65f6d0a658581a3ee389dbfa3e3bd	0.0	0.0	2.0	0.0	0.0
b7c8d494c32e9242178174506089ab5e	0.0	0.0	0.0	16.0	0.0
b7cb8f5b1494e264ce6f12f8c5e12a23	0.0	0.0	0.0	25.0	0.0
b7e4d7613bb8b5dba29ff511e2718a73	0.0	0.0	6.0	0.0	0.0
b7e600370bc39b6439c004676ff85cb6	0.0	0.0	0.0	5.0	0.0
b81e782a3e780fb21d7c06e017624e3e	0.0	0.0	0.0	35.0	0.0
b82d4083228443a9ac64445f354627b4	0.0	0.0	0.0	4.0	0.0
b82dc67ef196e165f03b217d953018c4	0.0	0.0	30.0	0.0	0.0
b8509037af18a03b18d8bcf623dad52e	0.0	0.0	5.0	0.0	0.0
b874792d3ef910041ee38429e72a2991	0.0	0.0	0.0	0.0	5.0
b8b4286e8bc0f5dacc2b2960f9256c1d	0.0	0.0	0.0	0.0	3.0
b8e81f7ad73c0e64450a0a658fb9a5b8	0.0	0.0	0.0	14.0	0.0
b8f17177729f362737f6873a74cd11e8	0.0	0.0	3.0	0.0	0.0
b8fd2e11c94e150cdd903a9b47da68d4	0.0	0.0	9.0	0.0	0.0
b906568f7c4126b1e01c55fe9073579f	0.0	0.0	0.0	0.0	57.0
b91451ae14f5c86191e276d65a9e02e4	0.0	0.0	0.0	0.0	5.0
b91d4c1cee07ed48572ea4ab754f284d	0.0	0.0	0.0	22.0	0.0
b934e43fac43faa9b5adeaf2c5ee54dc	0.0	0.0	11.0	0.0	0.0
b97fa3bfd29a3e2f3816ffaeb94d9069	9.0	0.0	0.0	0.0	0.0
b99cbb4c2f1c79764e14156252030517	0.0	0.0	0.0	4.0	0.0
b9af94f85b07471ae54a8f5f32bff60d	0.0	0.0	0.0	5.0	0.0
b9ca63d2c5c35625985679eb5b473f37	0.0	0.0	0.0	0.0	4.0
b9cd641fd427c278b2ae29a9edfbc3fd	0.0	0.0	0.0	49.0	0.0
b9f8e4ed0d6d08abd122d159c10da61c	0.0	0.0	0.0	0.0	81.0
b9fa5cc964c36fb95712be187729ea3c	0.0	0.0	0.0	67.0	0.0
ba227a5d7a1946574bd8eaf18b3491f3	0.0	46.0	0.0	0.0	0.0
ba2e5b53d553e83e5cf142711c482171	0.0	4.0	0.0	0.0	0.0
ba2f8e0876688fb1a0c7f8a835ebecc5	0.0	0.0	0.0	76.0	0.0
ba7c460bf2d0ff592fc2a6f198046b7b	0.0	0.0	0.0	36.0	0.0
ba848598292f4b9f8af8676c1e7fc9c6	0.0	0.0	0.0	0.0	24.0
ba9624aa943d1a7f728ea1caf027ed2a	0.0	0.0	3.0	0.0	0.0
bacef20d95d6fc9987b7dbee74118090	0.0	0.0	15.0	0.0	0.0
badd128bba82c412b99cd2ead5a7d613	0.0	0.0	0.0	5.0	0.0
bb1faeb1e5b12140bbd76c70c0267a7f	0.0	0.0	4.0	0.0	0.0
bb26971f06a268692aebc8e964553c10	0.0	0.0	0.0	5.0	0.0
bb32c4a2a23cc9d766e7b382152dca4a	0.0	0.0	6.0	0.0	0.0
bbb598acecc50aae3f9d32dc68832dcf	0.0	0.0	0.0	9.0	7.0
bbf4a16baffa1c4f205444b1ef708e48	3.0	0.0	0.0	0.0	0.0
bc04142afb0fc3cf707447c325222353	0.0	0.0	0.0	0.0	9.0
bc0a7192f398c37a63230a26f881bd3c	0.0	0.0	0.0	0.0	10.0
bc11cbfa67a3c0b67f50323705a9bda6	0.0	12.0	0.0	0.0	0.0
bc1f404f869c5e304f379405adc06ed8	0.0	0.0	0.0	0.0	39.0
bc2e156964f11d15d77b84b94aceedb3	0.0	28.0	0.0	0.0	0.0
bc3b36c92ddc41f840abed478db8976c	0.0	0.0	0.0	0.0	2.0
bc67d3cc7139adb23dfb16e99f3497be	0.0	808.0	0.0	0.0	0.0
bcbebbcbdeaab6fa60d803f163a77150	5.0	0.0	0.0	0.0	0.0
bcd7b9c66a3ba2bf067b78e348cff779	0.0	0.0	2.0	0.0	0.0
bce4fbc8216a78827cdbcaadf9c1bae5	1633.0	0.0	0.0	0.0	0.0
bd46c1a1fd5b192e598b3619ff5a46c8	3.0	0.0	0.0	0.0	0.0
bdb857104e586af8e91f6716b93c9481	0.0	3.0	0.0	0.0	0.0
bdd83852fff442b23b31e5b9e7196b46	0.0	0.0	0.0	5.0	0.0
bddbb4e7a3b72ff95e1ec0429a40a165	0.0	0.0	0.0	7.0	0.0
bdefbb29da91e10474905e39b8b0359b	0.0	0.0	52.0	0.0	0.0
be2dd82e62df1898043b041386388de2	6.0	0.0	0.0	0.0	0.0
be8d641fde29a861f8029cc571a9b30b	0.0	0.0	0.0	0.0	139.0
bea17970dfdb871071ff673123c8dac0	0.0	0.0	33.0	0.0	0.0
beaf84e118cef1d972c7ec6855981020	0.0	0.0	0.0	0.0	3.0
beba77ed79a9ba67220e674b36819c1f	0.0	14.0	0.0	0.0	0.0
bed82d8f255df507856e3ff0d7ee1be3	0.0	0.0	0.0	9.0	0.0
bf08d62b32cced86e829cba893bdf318	0.0	59.0	0.0	0.0	0.0
bf3fb31e68e2f464e9ad2de6a2a5960b	0.0	0.0	0.0	10.0	0.0
bf4ccec01ae513564f63037bfc4ba6d6	0.0	0.0	0.0	5.0	0.0
bf5be9f6f44e559a7c774a88c99bef35	0.0	0.0	0.0	0.0	3.0
bf9445b09dc4c265c91a5c7da1879c45	0.0	0.0	0.0	26.0	0.0
c0069ff9da801f689f4974a536a67222	0.0	9.0	0.0	0.0	0.0
c00e0f0c5d0f8eacad14ccb126bd6418	0.0	28.0	0.0	0.0	0.0
c044ced596d53a61fb42056dd369fc13	0.0	0.0	0.0	211.0	19.0
c04a602c018d9b3ee2b9f09a723a27cd	17.0	0.0	0.0	0.0	0.0
c07685bcff04c86c97db1775f4caf898	0.0	0.0	0.0	6.0	0.0
c0c6dea060404ea17972053bc9e98ae7	0.0	0.0	0.0	0.0	93.0
c0d23c45be62b7e307cb9dcb393b5356	0.0	0.0	0.0	0.0	4.0
c0f49219e5bcc739df5ab93146e7accf	0.0	0.0	0.0	0.0	3.0
c1257c13f0ecbb063f158ce4ef64b383	0.0	0.0	0.0	0.0	55.0
c13eb4bb72a9ec971faab0e442001afc	3.0	0.0	0.0	0.0	0.0
c156d06b4b9614695deca986e2bb7427	0.0	0.0	41.0	0.0	0.0
c18080c16e41fb8c571495d66e7ce9c0	0.0	0.0	0.0	438.0	0.0
c1a746865795389d55a3570de791dc3d	0.0	9.0	0.0	0.0	0.0
c1b79876080a6f735585b82462f61242	0.0	3.0	0.0	0.0	0.0
c1c301aefe4113855b37da493e5c3205	0.0	0.0	13.0	0.0	0.0
c1e21a5060677bc073f477697bf1d330	0.0	0.0	0.0	0.0	188.0
c20f5c9ad2136b76fde251d33f644ee3	0.0	0.0	7.0	0.0	0.0
c21841703b27adfd90ce239eb163e7e9	0.0	0.0	0.0	30.0	0.0
c21ae49554bc883ad4a60e8544a712db	0.0	0.0	0.0	27.0	0.0
c2391a0fa4fffecbf92b264aa0fc52ea	0.0	133.0	0.0	0.0	0.0
c28e138584a71576f44a4d316fc8ab71	0.0	29.0	29.0	0.0	0.0
c28efe8ed098b8c0cbf3f268d5986d38	0.0	0.0	0.0	378.0	231.0
c29cc9eb96368c76fd76b36f8afd0af6	0.0	0.0	0.0	0.0	22.0
c30e24d2287ee73c9cd0379cd7d14be1	0.0	0.0	0.0	64.0	0.0
c3209e4731637238353ccaa00e098700	0.0	0.0	0.0	34.0	0.0
c37dfb79996170dfd35936e89b65f518	3.0	0.0	0.0	0.0	0.0
c38de60afafd046fe6b1117f948a8936	0.0	0.0	0.0	23.0	0.0
c39ad07884799aee6f385aca6d2ac42a	0.0	0.0	0.0	68.0	0.0
c39ea129388a077989abed2081b5fe88	0.0	0.0	20.0	220.0	174.0
c3cf62026da5f738469eec6869eee1a4	0.0	0.0	0.0	30.0	0.0
c3d31a9de6628eaaa0ad9d42d0fdeef3	0.0	7.0	0.0	0.0	80.0
c44bb9eaea7762ffb9a023834001eacd	0.0	0.0	17.0	0.0	0.0
c459749916a38b471dd8e7ee2ff8ac2b	0.0	0.0	0.0	0.0	3.0
c46e1164aa6e937023cf5408871940ac	0.0	84.0	0.0	0.0	0.0
c47007fac1c2b6fa6c392b8798c4a03a	0.0	0.0	27.0	0.0	0.0
c492583d86952753aeab322a04dcaa82	0.0	0.0	0.0	0.0	4.0
c4b0b2af02ed14a44bd08f209b64f3ab	0.0	110.0	0.0	0.0	0.0
c4bf8801ea7bf810510e1e0f38fb0f40	0.0	0.0	0.0	0.0	7.0
c5081ea583034c82ebb37fb3a075cbaa	0.0	0.0	0.0	0.0	52.0
c5106d4ee746b3b75d68fd490c9eeb64	0.0	0.0	0.0	3.0	0.0
c5406de5f9b0545bf4f8e307fb3d9656	237.0	0.0	0.0	0.0	0.0
c5441dbc2bf43f2f3df2b68de82c72f0	0.0	0.0	0.0	10.0	0.0
c55a687b91e3396b543188362c4831fb	0.0	0.0	0.0	0.0	208.0
c58754f3613677615cb80ce5013b088c	0.0	0.0	0.0	12.0	72.0
c5a90e5b3127f2e101687d8517952b0a	0.0	79.0	0.0	0.0	0.0
c5c9a286bbb3fd9e740a36349fbc137b	28.0	0.0	0.0	0.0	0.0
c645322e5f2b135578fdbd28fa85ab87	0.0	0.0	18.0	0.0	0.0
c65012ec6f50632627c8d089a0bf3949	0.0	221.0	24.0	0.0	0.0
c65a0b597987459d24a6563337745697	74.0	0.0	0.0	0.0	0.0
c661198a297ef4503adce3ebed47c960	0.0	2.0	0.0	0.0	0.0
c68e353d0be93d24f32c636566928ff7	0.0	2.0	0.0	0.0	0.0
c6a33d143b0b1bcf4004c909a4af6aa8	0.0	0.0	0.0	0.0	84.0
c6b3ba236c4cc2b485523771b2c111f0	0.0	0.0	44.0	0.0	0.0
c6bb861424411a4bf49a75f82d1e5b6c	0.0	80.0	0.0	0.0	0.0
c7843bc6ce53f61f92b2d8faf383d294	0.0	0.0	0.0	133.0	0.0
c799389c55309eb979cc72469fc7a05b	0.0	0.0	0.0	0.0	3.0
c7c2aa4e1e46a277ef5e305f581d4220	0.0	0.0	0.0	0.0	6.0
c7e3328f2469883c36dbb2f68836fc6c	0.0	0.0	0.0	36.0	0.0
c81d2e39e0b91d5b8084f2713ea7ad0b	0.0	0.0	3.0	26.0	0.0
c823ad463cc6f65e0e9f56b1767c565e	8.0	0.0	0.0	0.0	0.0
c8443c5359451b5834f01f82e9ca2a01	0.0	0.0	27.0	0.0	0.0
c85382195d7719099c2eb1f0c233a74c	0.0	0.0	4.0	0.0	0.0
c85938ae9bd8acb25cf70a632b842533	0.0	0.0	0.0	0.0	3.0
c8605dfe3d63e7dc8915167c67bd3369	0.0	0.0	913.0	0.0	0.0
c87fabfc93eae66d96d274b4439600c3	0.0	0.0	19.0	0.0	0.0
c88426655a6b637ab26cff3438b03733	0.0	0.0	0.0	68.0	0.0
c88de64ad459c2f2dfa03e9b47ae292d	0.0	3.0	0.0	0.0	0.0
c89daa42fccb0f7a927276a6a3745730	0.0	0.0	7.0	0.0	0.0
c89e8054e3f108e88f6c5e88193c7135	0.0	0.0	0.0	6.0	0.0
c8aabd5b40a6acfb8fd0626890421b7f	2.0	0.0	0.0	0.0	0.0
c8b47360bec913b137813e98b1fad980	0.0	0.0	9.0	0.0	0.0
c8b9afe5f6282d1f00f655026543d8ec	0.0	0.0	0.0	0.0	14.0
c913272bbf83bde6782071dc6bbcca5f	0.0	0.0	0.0	0.0	12.0
c94bb0967fe5cd3117fe8843e4f6eee7	0.0	0.0	0.0	3.0	0.0
c94d0f3d6050a031904032ef1f30434c	0.0	0.0	17.0	0.0	0.0
c98732cba66742632a85e738a37e5a8e	0.0	570.0	0.0	0.0	0.0
c99bd661406a9823a124056d23e2a849	0.0	0.0	0.0	2.0	0.0
c9a547cea7c1c1d88c668b72b49380e8	0.0	0.0	0.0	0.0	21.0
c9b3e31418b0ea43c2811b64bf864817	4.0	0.0	0.0	0.0	0.0
c9dac1b01afbcbb851165547387c3f11	0.0	0.0	0.0	0.0	7.0
c9e44ff8f25329e24d5d7d46c392f300	0.0	293.0	0.0	0.0	0.0
c9f4054564cd127d962ffc1a6f9e139b	0.0	0.0	932.0	0.0	0.0
cae763c7880617a0eb693a89b249eec3	3.0	0.0	0.0	0.0	0.0
cb8a7d766bae28a02929887d55acbbf2	0.0	0.0	0.0	20.0	0.0
cba4d117b38a994dea351acaf38f9255	0.0	87.0	0.0	0.0	0.0
cbd73b4bc965d9333d593952ab3405a1	0.0	316.0	0.0	0.0	0.0
cbdf8c635a4aded86d3861d4b31f9aac	0.0	0.0	0.0	0.0	3.0
cbf71539df71f91f925405ac3e6f8b27	0.0	0.0	0.0	3.0	0.0
cc544d206fd365a4e3ab85b90753cdbc	0.0	0.0	0.0	0.0	26.0
cc5c01954c7d8e0de62b2e7d81ee0197	0.0	0.0	0.0	0.0	4.0
cc6d5bb67558ce5d84adf1d6c0ea94d0	0.0	57.0	0.0	0.0	0.0
cc74af2353790b0359f4be53158b44ce	0.0	0.0	89.0	0.0	0.0
cc782da543d11660d77382aa0d147b11	0.0	0.0	0.0	0.0	4.0
cc7e4b4785eba48414546ed5ad3fcc89	0.0	0.0	0.0	7.0	0.0
cc86c15357f8c5ba4b55e5379b07ae38	0.0	50.0	0.0	0.0	0.0
cc996dbb8101011a491b716ea4536757	0.0	0.0	0.0	3.0	0.0
cca241eb8a8f3bca8b576816ab5e2c11	0.0	0.0	0.0	0.0	104.0
ccb4d49dcdb196b0b42c80221b53aea6	0.0	0.0	0.0	20.0	74.0
ccf297694c03240736c31c7596d23fb1	0.0	5.0	0.0	0.0	0.0
cd020c5025bcd8762cca0dae718e777a	0.0	0.0	0.0	0.0	6.0
cd3252d96bdb1efe5fc05bc00a9d9309	0.0	0.0	0.0	121.0	24.0
cd37e3b7102cf737f4e3715bfa2767b5	0.0	0.0	0.0	0.0	16.0
ce1243c820b142463c41b50deb093f08	0.0	0.0	0.0	0.0	28.0
ce6af12f1e176443ba44995f57cb7f7a	0.0	0.0	0.0	0.0	396.0
ce8dd438a63f9776413e74db725c060e	0.0	0.0	8.0	0.0	0.0
cea70818cf350f54e3e15dc1e9c3b471	0.0	0.0	0.0	10.0	0.0
cec56404ad764b5e69f7247968ff72c4	0.0	0.0	0.0	0.0	2.0
cec7989ab72dc90c34e1bfca06110114	0.0	0.0	0.0	52.0	0.0
cf009bf6574426b8224a0bf7a44d7957	0.0	42.0	0.0	0.0	0.0
cf08da47789cee547334b2f04f05f129	0.0	0.0	0.0	18.0	0.0
cf2687092294ef87b9652e388b72a536	0.0	7.0	57.0	0.0	0.0
cf3381318906e1e08f58bca905636dc0	0.0	0.0	0.0	76.0	0.0
cf38a0a415e6ef883e7078388a113100	0.0	0.0	0.0	0.0	3.0
cf413d9efb145cb3cc0e93edb45ab7ef	0.0	753.0	0.0	0.0	0.0
cf43f3f1b1331d8da094fd959ba1854d	0.0	0.0	0.0	0.0	4.0
cf49f6820a631a6ceffa00b8b78b640e	0.0	0.0	63.0	0.0	0.0
cf693669d0419b56241d0286c694bddb	125.0	0.0	0.0	0.0	0.0
cf8803fd0f240f9e209c4486a915e8d6	0.0	0.0	0.0	0.0	6.0
cf950e99315e5e86c650de168cb4b328	0.0	0.0	0.0	38.0	0.0
cfac9ef3c40137faa1ed477335df3a27	0.0	356.0	0.0	0.0	0.0
cfc04be11210d6779786b65ace65599c	0.0	0.0	0.0	25.0	14.0
d059362ec038148f9c8d57dc9e6e2bb9	0.0	0.0	0.0	67.0	0.0
d07d2bcf06e4db08ced782822ca148be	0.0	0.0	3.0	0.0	0.0
d0ef850ac6e0d9788e4ae71d5e156eee	0.0	0.0	0.0	23.0	0.0
d124e21ff460a4a76e96c6a80bd8abda	0.0	0.0	0.0	31.0	0.0
d15bc449222795a9ff230013aa633686	0.0	0.0	0.0	37.0	27.0
d1a3f4353988720c3b8bfe1ac394f1b0	0.0	58.0	0.0	0.0	7.0
d1b07d28c7f8093ab259e77e43425dae	3.0	0.0	0.0	0.0	0.0
d1e97ad3c45790542a65dc33deac2392	0.0	0.0	0.0	0.0	2.0
d20b46e3c9d79a8e49a48f112fc03d4f	0.0	0.0	9.0	0.0	0.0
d215d8db330f1b5734c1763b3d956ad9	0.0	6.0	0.0	0.0	0.0
d27717f871a06371f2635689237b2a5c	0.0	30.0	0.0	0.0	0.0
d282e9d3dfd29a46eac69d3cbe2c3d0d	0.0	0.0	2.0	0.0	0.0
d29d1143655834c3b47d31a8ccd2c1d2	0.0	0.0	42.0	0.0	0.0
d2ac92ef7b0297714611e7160d79672a	0.0	0.0	0.0	59.0	87.0
d2b1f25b17a3fc00f34b7333ce51a3f8	0.0	0.0	0.0	13.0	0.0
d306253c669c78fffaf7316933bc9061	0.0	0.0	0.0	0.0	15.0
d30799d22809fac1319702501d1b520c	0.0	0.0	0.0	0.0	7.0
d30edc2bea67a6415c82362ca7fd62fc	0.0	0.0	0.0	8.0	0.0
d31835898cbdfce6a40143515073b738	0.0	0.0	14.0	0.0	0.0
d343abda2927cfde027c085f40115815	0.0	0.0	434.0	0.0	0.0
d347ca7f36e69729c923b60a948f4f97	0.0	0.0	0.0	0.0	13.0
d3598080bb82b75f792ade74d0cbb7a7	0.0	0.0	0.0	12.0	0.0
d387f6d1a01db76c11237b871008763a	0.0	0.0	0.0	0.0	8.0
d3927b99f02700552355493dda8ff67c	0.0	0.0	70.0	0.0	0.0
d39d1aeee6b1eac956520e15018a8edf	169.0	0.0	0.0	0.0	0.0
d3aefe4ee84b573366cf253ec1c60358	0.0	237.0	0.0	0.0	0.0
d3c430e0cebd9ca39ccce7765851367f	0.0	0.0	0.0	21.0	57.0
d3c9269fe28e813aaf1699129a50df80	0.0	0.0	0.0	47.0	460.0
d4597911b182c50606513643fa9f07b5	0.0	0.0	15.0	0.0	0.0
d4ad778f6d2b296d5ed1c115324a6575	0.0	0.0	2.0	0.0	0.0
d4c2fb8457044cb4801209e20ab25aee	0.0	0.0	0.0	19.0	0.0
d4e7eb5c71a5665d9ab5d0c00f50fa8c	0.0	0.0	3.0	0.0	0.0
d4ec7458abf8c82b01ba288d6aa02410	0.0	0.0	0.0	0.0	9.0
d4f16aa055de2617dfae78259eb996bf	0.0	0.0	22.0	0.0	0.0
d537e28fc5d838bade87476178039453	0.0	0.0	0.0	64.0	0.0
d538b64633534f61ef465ffab01623ff	0.0	0.0	0.0	3.0	0.0
d5757717f34ffb2d5cd32385372bf710	0.0	0.0	0.0	0.0	5.0
d5761a200e526705c06a8453f49519a6	164.0	0.0	0.0	0.0	0.0
d57b5bf91f2b91140676dcd51276228d	0.0	0.0	0.0	0.0	4.0
d5c62883f6e56836e55aefb9a15623a5	0.0	0.0	0.0	0.0	39.0
d5cd7ca83e4787cfd1604d30b9135e65	4.0	0.0	0.0	0.0	0.0
d5df79e90f8f402a66e74da0a6c47a11	0.0	0.0	46.0	101.0	54.0
d5f4e7ed2c89fa3a526f378f8ac299f2	326.0	0.0	0.0	0.0	0.0
d631d41077c5050d2f77dd4a5ad22550	0.0	0.0	0.0	0.0	14.0
d6321e4a12c79e16dfacb693ef544c67	0.0	0.0	0.0	0.0	31.0
d650329612bf751c08b09271a65e324c	0.0	0.0	0.0	9.0	0.0
d68ba4e0ca492b968f8ca7e4ca1dbdc6	0.0	140.0	0.0	0.0	0.0
d6d675c192f581d01fcf17133b63b964	0.0	0.0	0.0	0.0	3.0
d6ef5a043c5bd5b9a4fb0fa2307a9521	0.0	54.0	0.0	0.0	0.0
d6f8e3518be9e63bedd91aa20a6d0b0a	0.0	0.0	200.0	0.0	0.0
d725b88353734981da919e5ad0eba821	0.0	0.0	0.0	6.0	0.0
d733da8c4943d01b2941785088c05682	0.0	0.0	0.0	11.0	0.0
d767f288e7c33ef7a39bdf8653343f50	0.0	0.0	0.0	2.0	0.0
d7fafcf312da4c93e03fc8c30c734cd5	0.0	0.0	0.0	2.0	0.0
d8122c74e244fe98e396be4661550a34	0.0	0.0	2.0	0.0	0.0
d883ae9fc2c6d6c96ce423fae33750e8	0.0	0.0	2.0	0.0	0.0
d9003234719f3aaa2ac3779cb3cebd87	0.0	0.0	0.0	16.0	0.0
d91997a17006e58ebdf59aa7fb8dc3db	38.0	0.0	0.0	121.0	99.0
d9a75030b2f283f9df5f0fa3c9de89b0	0.0	0.0	0.0	0.0	6.0
d9c8c8f6a553d5f031a5d8d1bbf903bf	0.0	0.0	0.0	0.0	4.0
d9ed08475ba86ecea3247cfd56441a81	0.0	78.0	0.0	0.0	0.0
d9f56e60e02a7dbd78897b607987a835	0.0	4.0	0.0	0.0	0.0
da363e049e896011db20a01267d95897	0.0	2.0	0.0	0.0	0.0
da44bdb99a65f0469e9528aec8cd9374	0.0	0.0	49.0	0.0	0.0
da65f362535e226ebf29b08bc7419c52	0.0	0.0	0.0	12.0	0.0
da81fb506e45acdf2c1364a9932ee150	0.0	93.0	0.0	0.0	0.0
da96bd9094de3cd1f7ab9b7c000e9a60	0.0	5.0	0.0	0.0	0.0
daa837ade818d73260a3f046bc48e489	0.0	0.0	7.0	0.0	0.0
dada98173a9d0b48e30800dbf3e16628	41.0	0.0	0.0	42.0	121.0
dadee9b1dcec980da686b785ec347d65	0.0	0.0	3.0	0.0	0.0
db6560a6216908fd0f2c44e698f57d4c	0.0	0.0	4.0	0.0	0.0
dba25979944a0cb49ca89ce9c6e30e9d	0.0	0.0	8.0	0.0	0.0
dbce3ed3f1ec69a6554f2aa59da9ed09	0.0	0.0	0.0	0.0	35.0
dbdd68270c375d40d06e429bf4b31d68	3.0	0.0	0.0	0.0	0.0
dbf1917697147b3ee1807752fd0502c9	0.0	0.0	11.0	0.0	0.0
dc1af5b08fecce4be1a45f50ed11afc2	0.0	0.0	0.0	2.0	0.0
dc26e634961929628f5e009e6317d471	0.0	0.0	0.0	5.0	0.0
dc3835d12dc9edc210bddff9c66bf356	0.0	0.0	616.0	0.0	0.0
dc526c9c19c9aa72ba9eff0389a3958f	0.0	52.0	0.0	0.0	0.0
dc7e85daf6bc67c84520c511989ef593	0.0	3.0	0.0	0.0	0.0
dc81e53781cc0a2973e702a79c6c7a7c	0.0	55.0	0.0	0.0	0.0
dcab0ca44954e2d16a6b07641150b3f4	0.0	3.0	0.0	0.0	0.0
dcae40233ac422d5fe7bf21a9f9fbfa3	0.0	0.0	0.0	19.0	0.0
dcb73d551141c089351c83a2e61735ce	0.0	0.0	23.0	0.0	0.0
dccab3f94f1ec7d4cdc6f60cb3b213c3	0.0	147.0	147.0	0.0	0.0
dcdc52d5d6c387a7972b30928ab464de	0.0	0.0	0.0	3.0	0.0
dcef6bbc22e08ed2509eb3bd5d8d86c1	0.0	0.0	0.0	3.0	0.0
dcf5e542d390afae61928cb912433b50	0.0	0.0	0.0	5.0	0.0
dd5b371cdf7b7643d463abc3898266b9	0.0	393.0	0.0	0.0	0.0
dda56a54d3a8a30139210f32c05004bb	0.0	0.0	0.0	0.0	16.0
ddc52b4f00108d7a694ccda0e4dd65b3	0.0	0.0	0.0	34.0	0.0
dddabdb2e0454e7211603cdfb97bc2db	14.0	0.0	0.0	0.0	0.0
ddf432edb3505bd0c7c4883131047de8	0.0	0.0	0.0	3.0	0.0
de03afac2e461fdbfe9d634022aba448	0.0	0.0	44.0	0.0	0.0
de0af03ce8516ef77861f09b78b74b46	0.0	0.0	54.0	0.0	0.0
de42cf0a89c64d1688c150f2ee13f0c9	0.0	16.0	0.0	0.0	0.0
de60daea634dab8154402b04615508d0	0.0	0.0	0.0	26.0	0.0
de62b70d02e690696d73acd73686482a	0.0	389.0	0.0	0.0	0.0
debc470ea09033d3c12810b060047f3e	0.0	127.0	0.0	0.0	0.0
decbdb35b4f8b37136f75a6467bf42aa	0.0	0.0	0.0	0.0	11.0
ded3b1954dc5b693bbd205f0f7d8dd61	0.0	0.0	3.0	0.0	0.0
dee5b07d493d25ca4a1059bdc1c1bc75	0.0	3.0	0.0	0.0	0.0
df578f10f6df2a57e095ec68587d00ba	0.0	0.0	0.0	3.0	0.0
df5e7a703d29a9c4bbcaf8b5f4ef5d4e	0.0	228.0	0.0	0.0	0.0
dfdb25a37340b57e9009964577859673	0.0	0.0	0.0	0.0	11.0
dffb20cb837e7cf7be6c11a7c86f9958	0.0	0.0	193.0	239.0	444.0
e01080c1c4090faa18307cd47678d640	0.0	318.0	0.0	0.0	0.0
e01247bd07980d350b58786896f76343	0.0	0.0	0.0	0.0	2.0
e020a82e2b80f9a1047e1cf9e8c205b8	0.0	0.0	0.0	165.0	0.0
e0275fca226f94283c0ec3cf6a287821	0.0	0.0	0.0	28.0	15.0
e1085b4258797f5c59b1f5c41c127149	0.0	51.0	0.0	0.0	13.0
e11c7a09a5e6fb3096651a84f06a9dd3	4.0	0.0	0.0	0.0	0.0
e124a8ca1d2b6e33d8e6e3640fb7081a	0.0	0.0	0.0	5.0	0.0
e14eba3b37fc6426ba42fed1126dfc69	0.0	0.0	0.0	8.0	0.0
e17c5f76cd9032f2cb8c286b093e1bc4	0.0	0.0	0.0	15.0	0.0
e18a0f493afae34cd9e0a0ba1f884b51	0.0	0.0	0.0	10.0	0.0
e19e6b4d90fec4da4ba12a19562ade48	0.0	0.0	0.0	0.0	5.0
e1c9a9a82fea1ae3a5d739b5f445a205	0.0	0.0	0.0	0.0	5.0
e1ef996e73a0a1482258bf5715164c96	0.0	0.0	0.0	43.0	0.0
e21b5dc8fe9e3b98a95057f65631c26e	0.0	0.0	8.0	0.0	0.0
e225063b3405243e287837777aa73f3b	0.0	3.0	0.0	0.0	0.0
e2795ff79ef3c892a96f941e4adc3990	0.0	0.0	0.0	0.0	5.0
e28483fed549b0dadc5b97465c7cccf6	9.0	0.0	0.0	0.0	0.0
e2b02ed8c8db26425167bb0d9c2bebf4	0.0	0.0	0.0	0.0	9.0
e2b2c997e02b118604370b9b6046243d	0.0	0.0	0.0	0.0	2.0
e2b49cf9fb7a342c56334378e9cb2a41	0.0	0.0	3.0	0.0	0.0
e2c44baf7c3de32f39cf70f83529f344	0.0	277.0	0.0	0.0	0.0
e2ca20d4cc898dff569d87beab444d4a	0.0	0.0	0.0	80.0	0.0
e2d1d50c22814403d1eed6f843f6b24e	0.0	0.0	0.0	0.0	27.0
e2f30888380b9a4d76fb33137ef431fd	0.0	0.0	0.0	0.0	3.0
e323ce24887ddcd5c63333665880734a	0.0	0.0	0.0	0.0	2.0
e32a7e9ecae29b8155cdd52407fd1719	0.0	0.0	0.0	0.0	7.0
e340ce1a628b5f66a7f56b30362641f5	0.0	0.0	0.0	3.0	0.0
e364c37cba4980411bf69fb178f83476	0.0	0.0	0.0	0.0	3.0
e369e578e3bef162f3d9819e19095584	0.0	114.0	0.0	0.0	0.0
e39fe61371b408cce82bcd38b561fffb	0.0	0.0	0.0	11.0	0.0
e3a9a759065b18ac9a8c0d363cd4e371	0.0	0.0	0.0	215.0	212.0
e3c232d6640adeb3f56a1ffdaabbf5c4	0.0	0.0	610.0	0.0	0.0
e3d8733b234a61ac8b7c654927c71919	0.0	0.0	0.0	5.0	0.0
e3f73a9cf3bf5546b8ef2bfe5902c33a	0.0	0.0	0.0	0.0	4.0
e40f1b5f4f83f05741bb32a1070b58e0	0.0	402.0	0.0	0.0	0.0
e41035a933a9a70ea871c5f53ce153a2	0.0	0.0	58.0	0.0	0.0
e416d0916760d2fc17b616e2ac3ad855	0.0	0.0	0.0	22.0	0.0
e4191d3ececf3e363ac94fd6d677369b	0.0	29.0	0.0	0.0	0.0
e44efcd2ace8cb3c19677620f89bc055	0.0	0.0	0.0	0.0	5.0
e44fb73f67a586a6bf64075ea76c72a0	11.0	0.0	0.0	0.0	17.0
e4612e0072bbfd75058ad08b8835b5e5	0.0	0.0	0.0	0.0	2.0
e47bb91cdb796f0acea97073e5d6b86f	0.0	0.0	0.0	3.0	0.0
e4f95d603ed701ac73e7fbe413c142ae	0.0	0.0	0.0	0.0	3.0
e540fc2fa4040a231569917c3c3c4e68	0.0	0.0	5.0	0.0	0.0
e54cb3f5a71a6f5bf3dca33d202589d5	0.0	0.0	0.0	0.0	13.0
e551b411bbeb4600116a0dca260d998f	0.0	0.0	229.0	0.0	0.0
e55da53e759077bd921e465d8a581dcf	0.0	4.0	0.0	0.0	0.0
e5753c45fe368bcf4b8c3b859dbab36f	0.0	0.0	0.0	0.0	4.0
e597f177dc740707c1c85f672d3b1970	0.0	0.0	4.0	0.0	0.0
e5a7e5dd6215f4be18f36069e6171b27	0.0	0.0	0.0	3.0	0.0
e5b22c74881f9771ac732cd74e68a473	0.0	0.0	0.0	20.0	0.0
e5c19d7800b18015f3a917fc015fc42f	0.0	0.0	0.0	5.0	0.0
e5e04312e58addb7cfb2e8bfb91d424b	0.0	0.0	0.0	16.0	0.0
e60ff04c5fbb8876fff25e87eacdc9c3	0.0	0.0	0.0	0.0	154.0
e6326199ce320b7d7af9e551480868df	0.0	0.0	11.0	0.0	0.0
e63893fbb8c252dd095ff2ace0d9085d	0.0	0.0	0.0	0.0	15.0
e6393f1938630c46cdda6880775b1793	0.0	0.0	0.0	15.0	0.0
e6597e930f9b32e98a6fd25d851f75da	0.0	0.0	0.0	133.0	57.0
e6734f86434917bd3e42c8e2204f555a	0.0	42.0	0.0	0.0	0.0
e67cf1fbab00002bc0f89b59b0aa795f	0.0	0.0	0.0	2.0	0.0
e6938f133fbc0d80716cef0112b0ddfd	0.0	0.0	0.0	0.0	18.0
e69b2b6cfddee3b29b08d5088a669409	0.0	0.0	0.0	22.0	0.0
e69c84350ae994b34460b80850fb2cd6	65.0	0.0	0.0	0.0	0.0
e6c8443214bca5d5809bbb0c5644af52	0.0	0.0	0.0	0.0	71.0
e6d81eba51065a5c47a1b41f706262ad	0.0	0.0	0.0	27.0	0.0
e70dbd1d0ed98c9721fae59e8ed1f364	0.0	0.0	0.0	40.0	102.0
e720b0dc4720a5cdbd97f2c1e9f75609	0.0	0.0	0.0	5.0	0.0
e7332b6f1c90f09daa0a2ab48838c47f	0.0	0.0	0.0	4.0	0.0
e7cf751df2f33896f147f68ec92fc12f	0.0	3.0	0.0	0.0	0.0
e81ccca856828ebc564ce7ee7b77a441	0.0	23.0	0.0	0.0	0.0
e82fc8a18d9994e8a75dbc938537344b	0.0	0.0	3.0	0.0	0.0
e85e2345664d590d3c1abc0c4e1037f9	0.0	0.0	0.0	19.0	0.0
e88def27ded8254d23a92b8d4606ff45	0.0	0.0	0.0	0.0	6.0
e8a24071d6220fd0f2e41d7d07e00d86	0.0	0.0	0.0	0.0	7.0
e8af5b46ebfe4ca58c15d93266be0a6b	0.0	0.0	0.0	0.0	16.0
e8bba2ad716739b08598def12043a04d	0.0	0.0	129.0	0.0	0.0
e9181eebfd7c1d1aca7e2bc23a61751f	0.0	0.0	0.0	15.0	0.0
e9ac89283875897129e4789f54555319	0.0	35.0	0.0	0.0	0.0
e9b880df0091fb047e709a2d6475c2a6	0.0	0.0	42.0	0.0	0.0
e9c9251fe34d2fc548f8bb01641cf37a	0.0	0.0	171.0	0.0	0.0
e9dd189e5fb374cca941bcfb93c18889	0.0	47.0	0.0	0.0	0.0
e9f84e3ac3d6038c2a500af7f6d38540	0.0	0.0	0.0	6.0	0.0
ea12694555735f4d6d600e6644a8855f	0.0	0.0	0.0	115.0	0.0
ea2bdf62a649952c8cbcc27b89c3ae83	0.0	49.0	0.0	0.0	0.0
ea370db7f503b713a1ebdc52619fafb5	0.0	0.0	2.0	0.0	0.0
ea60b4022324387a32c685e545f27acc	0.0	14.0	0.0	0.0	0.0
ea9c5396e9b55945ad880192ab9d55b9	0.0	0.0	4.0	0.0	0.0
eaa44c2f00fa1dd3e7c842ec87738954	1467.0	0.0	0.0	0.0	0.0
eabc5286919e87b62dabb879c34d4d54	0.0	0.0	0.0	0.0	3.0
ead19f922b81439d02ff39c53a952873	0.0	0.0	0.0	0.0	38.0
eaea0c8451f956ee8e84a56942c483fc	112.0	0.0	0.0	0.0	0.0
eb0c6bf7e071fc674eb0c3b8d50f66c2	0.0	0.0	0.0	26.0	0.0
eb42880248eebf07b5a0ac0701079476	37.0	0.0	0.0	0.0	0.0
eb5566411a98964873c995c18df4ce7c	0.0	0.0	259.0	0.0	0.0
eb6f5169125fc8720baa8f673d7a3ff7	0.0	0.0	0.0	2.0	0.0
eb8564b6d08fd1582abd38f80ddca892	0.0	0.0	0.0	5.0	0.0
eb9ebcdfea72d7fef30e250f495ad7be	0.0	201.0	0.0	0.0	0.0
ebdd14a99c66fc1d655b8b44b8f62b22	0.0	0.0	0.0	16.0	0.0
ec071158832076a7d0bfcfc90a0ed3d4	0.0	41.0	0.0	0.0	0.0
ec0c18c4585670807b8761526fa34d81	0.0	0.0	0.0	3.0	0.0
ec731bbd80f6b36b692de572a16e4eaf	0.0	0.0	0.0	0.0	5.0
ec7a4e4a90824cf451399dfebf7d797c	0.0	0.0	0.0	4.0	0.0
ec98c716b18af79d9ae696292db11722	0.0	0.0	32.0	0.0	0.0
ecc643b10fb1ebdc2213df1ce6d32c98	0.0	0.0	0.0	12.0	0.0
ed148f4650a62c3496121a0f6db2312d	0.0	0.0	0.0	9.0	0.0
ed38d25497a6e61ff6aeb2f0e888dca2	0.0	0.0	0.0	0.0	602.0
eda22f2c8279f1a5c851e8358b52f0dd	0.0	0.0	0.0	0.0	6.0
edac3fb7bc29f6691d8b2d979e7896ff	0.0	0.0	0.0	10.0	0.0
edb114398ced5bf958f4f404493a6642	0.0	0.0	0.0	39.0	0.0
edfd9fe7b9fc7af35fba481211003097	0.0	0.0	30.0	0.0	0.0
ee1a696149d8fc9012ae249a705b951f	0.0	481.0	8.0	0.0	50.0
ee38861336264f1cf792864d76a51873	0.0	0.0	7.0	0.0	0.0
ee6a904f7dccd265ae56bba8b36301a4	0.0	0.0	7.0	0.0	0.0
ee6bba044a89ecf3a8e08d04acd8dd2a	0.0	0.0	4.0	0.0	0.0
ee8579d14761d3d44ad0ee4260714939	0.0	0.0	0.0	0.0	15.0
eeaf03d0c536ad86f825ba3355c0d86e	0.0	0.0	0.0	5.0	0.0
eefbce56164f9984f03eb3858c56cef9	0.0	0.0	0.0	0.0	2.0
ef11bc14034a68876ab6c07d4ae44c8e	0.0	0.0	0.0	0.0	2.0
ef15279c3bd343427228f1001183e393	0.0	0.0	0.0	14.0	0.0
ef1f9711242cdab98e2aa2c02e250fba	0.0	0.0	0.0	0.0	3.0
ef5d404c7b3e233face053a2149143f2	0.0	25.0	0.0	0.0	0.0
ef7880b244f3894097abad9bcefa168c	0.0	0.0	0.0	0.0	23.0
ef82ef0e797c7fd979eaa5b13e353e0b	0.0	0.0	0.0	0.0	10.0
effe75206f2a35c769e6917b4e622a31	0.0	0.0	68.0	0.0	0.0
effe98244f6c65f35c2b78903c5c4d42	0.0	0.0	0.0	0.0	7.0
f03cbff27cb230c84a6632b4dbd116f9	0.0	0.0	0.0	15.0	0.0
f09a95225248e88be0f99ad4fe2f32ef	0.0	12.0	0.0	0.0	0.0
f0e1689102af6847c600584f085d3d4e	0.0	14.0	0.0	0.0	0.0
f0e68b211d2929423f5b3c404b7b8398	0.0	41.0	94.0	0.0	0.0
f1429c0d72ebaa3cc77c53b514e9c92b	0.0	0.0	0.0	0.0	3.0
f165b544e0a6037908d0167f01a5d299	0.0	0.0	0.0	0.0	20.0
f16aa852e8ae4610dbfd3178af195bb0	0.0	0.0	0.0	13.0	0.0
f1b47b195b39a675817d5c83d46efdb4	0.0	0.0	0.0	0.0	7.0
f1c5f208da6e57d9ad027d5a0fd31dda	65.0	0.0	0.0	0.0	0.0
f1d0a7a2ef4d6766eea13f87dde33957	0.0	0.0	0.0	421.0	0.0
f224b767d93cae412d4abf89a3a4c788	0.0	23.0	0.0	0.0	0.0
f2405e79dfb3fb3bc0da52e385fcca0d	0.0	0.0	8.0	0.0	0.0
f2502754de5080af82bf24687054c8c2	0.0	0.0	0.0	0.0	4.0
f293c0549c6cbd09b054e8abe5f4264e	0.0	121.0	0.0	0.0	0.0
f2c541b1c9642893dd397a4de99ceb56	0.0	0.0	0.0	40.0	293.0
f2e9fe443e951d72408fa80df42ba46f	0.0	0.0	0.0	0.0	20.0
f32c367039ff8220b680a3f1db2c505f	0.0	0.0	2.0	0.0	0.0
f34b60c636d831ba987094c0816f96d9	0.0	22.0	0.0	0.0	0.0
f34e20786dff2fc8149ea969f6a2968b	0.0	6.0	0.0	0.0	0.0
f36c50279a8fa1c121cb9dda1ab1cb42	0.0	0.0	0.0	63.0	113.0
f3ccdc61401ac48a34942e49a941e0c3	0.0	120.0	0.0	0.0	0.0
f3df8f49142a4ec1b0a2e71d203d268e	0.0	0.0	69.0	0.0	0.0
f3f02aa633491cd08b8b41d2fbc83308	0.0	0.0	0.0	0.0	10.0
f3f8e324d66b683d2cf432548fa8a130	18.0	0.0	0.0	0.0	0.0
f41894296ec38b938e988273781dcb04	0.0	0.0	0.0	0.0	2.0
f41fad1776c09bc6ec6a8d348e52cf2d	0.0	0.0	51.0	0.0	0.0
f44df3d47e4767149b676ee788e0f739	291.0	0.0	0.0	0.0	0.0
f46eb3e861e63893afcb193d3797563d	0.0	0.0	0.0	0.0	22.0
f4ea8b62a2b1c342c8f17753666acfa8	0.0	0.0	0.0	9.0	0.0
f51eb3eedb7fb27d69c4b6457f7148d7	0.0	11.0	0.0	0.0	0.0
f520f19b75de7b9e1690c430f76b9280	0.0	0.0	5.0	0.0	0.0
f525ab87ec264aa847929847de28b910	0.0	0.0	0.0	0.0	8.0
f528bfc74f35a9657d1fbd447dcb2009	0.0	0.0	49.0	0.0	0.0
f5294cfc33fe7ad97a151b6f2ffa89bf	0.0	0.0	0.0	0.0	64.0
f5895eceaccf0b421fb52eebf2eaca13	0.0	0.0	0.0	0.0	26.0
f58a3561f2c4c09b6e52e0adff222fac	0.0	0.0	2.0	0.0	0.0
f58cfab1702c1e49d3f48df8507278bf	0.0	0.0	3.0	0.0	0.0
f5a35ad64d6a799a1841e9be229890ff	0.0	0.0	115.0	0.0	0.0
f5dceaa232a9d10abfab64ad8fc14b0a	73.0	0.0	0.0	19.0	0.0
f646afa563752b4e082176ed08394e9a	0.0	0.0	9.0	0.0	0.0
f657719af095666bb36e7190c9403828	0.0	8.0	0.0	0.0	0.0
f660eaa3ab58001df09e4239de846de1	0.0	0.0	0.0	0.0	18.0
f672aa3aea2d03f0b297739022e9b716	152.0	0.0	0.0	76.0	0.0
f67e012569c9a6f4b0ba38349efbb0de	0.0	115.0	0.0	0.0	0.0
f6be447d18d64631a0dfe97b847ec859	0.0	0.0	661.0	0.0	0.0
f7532e46af7e687398ee415ef04dc451	0.0	0.0	3.0	0.0	0.0
f76115706ddb9192f60e763f3115676f	5.0	0.0	0.0	0.0	19.0
f78dade19843f7c3e3f5626d2642f3d1	0.0	3445.0	0.0	0.0	0.0
f7b4e4b84d8b9c5478a6fb64009aca83	28.0	0.0	0.0	0.0	0.0
f7d481c6e4ae9e0ac296fe40603965f7	0.0	0.0	34.0	68.0	362.0
f8221d211feb67f6c51d24e9c5b8218c	0.0	0.0	7.0	0.0	0.0
f826e984b324d9442d113d4163e49c78	0.0	0.0	0.0	3.0	0.0
f82da87385e0a34010d3af8154bbf72a	3.0	0.0	0.0	0.0	0.0
f833f31ff472389046a4fba0956b9a49	0.0	0.0	0.0	26.0	0.0
f86c4fcf565393068b1b791598c797fd	0.0	0.0	0.0	0.0	80.0
f88edfe6421621259efccb93cbf62f61	0.0	0.0	0.0	159.0	0.0
f908a38600f83fdc81be5d4d19e1c44e	0.0	0.0	0.0	101.0	0.0
f91b5c20a8d0722b9bf630280d28bf62	0.0	0.0	0.0	65.0	0.0
f92d02184e9701eacb690aed46a2ebc7	0.0	0.0	0.0	45.0	0.0
f9362d221e1216703f0b405a5a662b76	0.0	3.0	0.0	0.0	0.0
f93760ba0804defb4086e62cee86aadc	0.0	0.0	590.0	0.0	0.0
f93ce3160cfeece9155ab1f1e9733ccf	0.0	0.0	5.0	0.0	0.0
f9430e499008c0bad4a93f7ea6003731	0.0	0.0	0.0	0.0	2.0
f9a9ec5ead2724bb06cce47e1f7e6d4d	0.0	3.0	0.0	0.0	0.0
f9cdfc09f695fc4489561a09dca3d9a0	0.0	0.0	0.0	0.0	27.0
f9ce1a023a0418e55904eb48b3b5a451	0.0	23.0	0.0	0.0	0.0
f9e4f3a6958bcf701f30bf86354cc262	0.0	0.0	0.0	0.0	3.0
f9f7ada02d0130a049ac0020cdc421cf	9.0	0.0	0.0	0.0	0.0
fa906e98b0664eb68d5efc763fc629ef	38.0	0.0	0.0	0.0	0.0
fad74834e53bb1da811a6d07bda77725	0.0	0.0	0.0	0.0	11.0
fb1674a470f3049a3ff93d401abe9de4	0.0	0.0	0.0	0.0	9.0
fb25ee67f3066ba40aeb816675537504	0.0	0.0	11.0	0.0	0.0
fb2b00a8282741f54559c37f4ce69e20	0.0	80.0	0.0	0.0	0.0
fb6384d49de13885b67c642fcfafe9d7	0.0	0.0	0.0	0.0	16.0
fb8455faab4ea3f05c67578b08cb2f76	0.0	0.0	0.0	0.0	27.0
fbdfc5a426c8e122b5442209dbcae0d8	0.0	3.0	0.0	0.0	0.0
fbeac60b6106f8228e7ba0446321f57e	8.0	0.0	0.0	0.0	0.0
fc3770edaa566d0b5263897b6e228505	0.0	0.0	0.0	0.0	4.0
fc4f8c0dddbea85efe8a59451a06ad8d	0.0	21.0	0.0	0.0	0.0
fc6731d79bd3cb2c8fe2903b0bd68fb8	0.0	0.0	0.0	0.0	9.0
fc7c188041a7aa2c0450e33e3adf16d0	3932.0	0.0	0.0	0.0	0.0
fc83b5d1aa848c65b39cbcfaaafc37d7	0.0	0.0	60.0	0.0	0.0
fccc2f3f5c5a48af81ce5883f5ffea3c	0.0	66.0	0.0	0.0	0.0
fd1028f7aa64683a9abc46e8eba721b6	0.0	0.0	0.0	0.0	11.0
fd24f54437969046746813fb0011d51a	0.0	0.0	3.0	0.0	0.0
fd2899fba49792389b004ff5b4edc105	61.0	0.0	0.0	27.0	0.0
fd35029f38eeb89a4d793da67901ab10	0.0	0.0	32.0	0.0	0.0
fd3c9f43f8644de1d6c5c3c4e1badf22	0.0	0.0	32.0	0.0	0.0
fd55edfce6eb504c308b266fdc81dcd3	0.0	0.0	0.0	0.0	1013.0
fdb23ae09d6986baa41fe12abd6b2eab	0.0	0.0	2.0	0.0	0.0
fdb4fb67cfb9de5a6e4f21820a3d002f	0.0	0.0	0.0	29.0	0.0
fdbed1b3880b69cd9bff47fbf56381d9	0.0	0.0	0.0	15.0	0.0
fe4c0f616c94d0681f928c3055021802	17.0	0.0	0.0	0.0	0.0
fe7b5b769375b837bb6d4bfa6dee234f	0.0	0.0	68.0	124.0	595.0
fe8464114b6cfe15407028a197c2ff9f	0.0	0.0	67.0	0.0	0.0
fe8e5bff2c6643117ba06ecebc34c342	0.0	0.0	0.0	0.0	3.0
ff289c73ac6541ac56707936f501a2cd	6.0	0.0	0.0	0.0	0.0
ff2b9046306fa2c92bcb4b7d23806fd9	0.0	9.0	0.0	0.0	0.0
ff50a04b0055215c602144910120558e	0.0	0.0	0.0	0.0	3.0
ff6569d3d51669a006c5d2293d5f0e0d	0.0	6.0	0.0	0.0	0.0
ff8c410af4498499dd576a7e7b0909e4	0.0	0.0	0.0	0.0	4.0
ff9d93d7b7e46787568f2d241caeaf3b	20.0	0.0	0.0	0.0	0.0
ffaf86a5edc7f8d6829b852f453b7bde	0.0	0.0	20.0	0.0	0.0
ffeb4ba1894c653dce7f535a263fc824	0.0	0.0	0.0	0.0	3.0